[
  {
    "size":1000,
    "name":"10.31.40.2",
    "host":"host2",
    "start":"0.1",
    "end":"0.15",
    "datacenter":"A",
    "mips":500,
    "type":"cn",
    "pes":1,
    "ram":512
  },
  {
    "size":1000,
    "name":"10.31.40.3",
    "host":"host3",
    "start":"0.1",
    "end":"0.18",
    "datacenter":"A",
    "mips":500,
    "type":"cn",
    "pes":1,
    "ram":512
  },
  {
    "size":1000,
    "name":"10.31.40.5",
    "host":"host1",
    "start":"0.1",
    "end":"0.37",
    "datacenter":"A",
    "mips":500,
    "type":"cn",
    "pes":1,
    "ram":512
  },
  {
    "size":1000,
    "name":"10.31.40.4",
    "host":"host2",
    "start":"0.15",
    "end":"0.4",
    "datacenter":"A",
    "mips":500,
    "type":"cn",
    "pes":1,
    "ram":512
  },
  {
    "size":1000,
    "name":"10.31.40.6",
    "host":"host3",
    "start":"0.18",
    "end":"0.5",
    "datacenter":"A",
    "mips":500,
    "type":"cn",
    "pes":1,
    "ram":512
  },
  {
    "size":1000,
    "name":"10.31.40.8",
    "host":"host1",
    "start":"0.37",
    "end":"0.64",
    "datacenter":"A",
    "mips":500,
    "type":"cn",
    "pes":1,
    "ram":512
  },
  {
    "size":1000,
    "name":"10.31.40.7",
    "host":"host2",
    "start":"0.4",
    "end":"0.8",
    "datacenter":"A",
    "mips":500,
    "type":"cn",
    "pes":1,
    "ram":512
  },
  {
    "size":1000,
    "name":"10.31.40.9",
    "host":"host3",
    "start":"0.5",
    "end":"0.82",
    "datacenter":"A",
    "mips":500,
    "type":"cn",
    "pes":1,
    "ram":512
  },
  {
    "size":1000,
    "name":"10.31.40.1",
    "host":"host3",
    "start":"0.82",
    "end":"0.86",
    "datacenter":"A",
    "mips":500,
    "type":"cn",
    "pes":1,
    "ram":512
  },
  {
    "size":1000,
    "name":"10.31.40.10",
    "host":"host1",
    "start":"0.64",
    "end":"0.9",
    "datacenter":"A",
    "mips":500,
    "type":"cn",
    "pes":1,
    "ram":512
  }
]
