[
  {
    "size":1000,
    "name":"10.31.40.12",
    "host":"host25",
    "start":"0.1",
    "end":"0.14",
    "datacenter":"A",
    "mips":500,
    "type":"vm",
    "pes":1,
    "ram":512
  },
  {
    "size":1000,
    "name":"10.31.40.22",
    "host":"host45",
    "start":"0.1",
    "end":"0.14",
    "datacenter":"A",
    "mips":500,
    "type":"vm",
    "pes":1,
    "ram":512
  },
  {
    "size":1000,
    "name":"10.31.40.11",
    "host":"host50",
    "start":"0.1",
    "end":"0.14",
    "datacenter":"A",
    "mips":500,
    "type":"vm",
    "pes":1,
    "ram":512
  },
  {
    "size":1000,
    "name":"10.31.40.21",
    "host":"host60",
    "start":"0.1",
    "end":"0.14",
    "datacenter":"A",
    "mips":500,
    "type":"vm",
    "pes":1,
    "ram":512
  },
  {
    "size":1000,
    "name":"10.31.40.31",
    "host":"host14",
    "start":"0.1",
    "end":"0.17",
    "datacenter":"A",
    "mips":500,
    "type":"vm",
    "pes":1,
    "ram":512
  },
  {
    "size":1000,
    "name":"10.31.40.32",
    "host":"host17",
    "start":"0.1",
    "end":"0.17",
    "datacenter":"A",
    "mips":500,
    "type":"vm",
    "pes":1,
    "ram":512
  },
  {
    "size":1000,
    "name":"10.31.40.13",
    "host":"host20",
    "start":"0.1",
    "end":"0.17",
    "datacenter":"A",
    "mips":500,
    "type":"vm",
    "pes":1,
    "ram":512
  },
  {
    "size":1000,
    "name":"10.31.40.2",
    "host":"host34",
    "start":"0.1",
    "end":"0.17",
    "datacenter":"A",
    "mips":500,
    "type":"vm",
    "pes":1,
    "ram":512
  },
  {
    "size":1000,
    "name":"10.31.40.1",
    "host":"host37",
    "start":"0.1",
    "end":"0.17",
    "datacenter":"A",
    "mips":500,
    "type":"vm",
    "pes":1,
    "ram":512
  },
  {
    "size":1000,
    "name":"10.31.40.23",
    "host":"host13",
    "start":"0.1",
    "end":"0.18",
    "datacenter":"A",
    "mips":500,
    "type":"vm",
    "pes":1,
    "ram":512
  },
  {
    "size":1000,
    "name":"10.31.40.3",
    "host":"host33",
    "start":"0.1",
    "end":"0.18",
    "datacenter":"A",
    "mips":500,
    "type":"vm",
    "pes":1,
    "ram":512
  },
  {
    "size":1000,
    "name":"10.31.40.14",
    "host":"host15",
    "start":"0.1",
    "end":"0.27",
    "datacenter":"A",
    "mips":500,
    "type":"vm",
    "pes":1,
    "ram":512
  },
  {
    "size":1000,
    "name":"10.31.40.24",
    "host":"host12",
    "start":"0.1",
    "end":"0.3",
    "datacenter":"A",
    "mips":500,
    "type":"vm",
    "pes":1,
    "ram":512
  },
  {
    "size":1000,
    "name":"10.31.40.4",
    "host":"host32",
    "start":"0.1",
    "end":"0.3",
    "datacenter":"A",
    "mips":500,
    "type":"vm",
    "pes":1,
    "ram":512
  },
  {
    "size":1000,
    "name":"10.31.40.34",
    "host":"host45",
    "start":"0.14",
    "end":"0.3",
    "datacenter":"A",
    "mips":500,
    "type":"vm",
    "pes":1,
    "ram":512
  },
  {
    "size":1000,
    "name":"10.31.40.44",
    "host":"host9",
    "start":"0.14",
    "end":"0.34",
    "datacenter":"A",
    "mips":500,
    "type":"vm",
    "pes":1,
    "ram":512
  },
  {
    "size":1000,
    "name":"10.31.40.16",
    "host":"host0",
    "start":"0.1",
    "end":"0.37",
    "datacenter":"A",
    "mips":500,
    "type":"vm",
    "pes":1,
    "ram":512
  },
  {
    "size":1000,
    "name":"10.31.40.17",
    "host":"host5",
    "start":"0.1",
    "end":"0.37",
    "datacenter":"A",
    "mips":500,
    "type":"vm",
    "pes":1,
    "ram":512
  },
  {
    "size":1000,
    "name":"10.31.40.15",
    "host":"host10",
    "start":"0.1",
    "end":"0.37",
    "datacenter":"A",
    "mips":500,
    "type":"vm",
    "pes":1,
    "ram":512
  },
  {
    "size":1000,
    "name":"10.31.40.18",
    "host":"host30",
    "start":"0.1",
    "end":"0.37",
    "datacenter":"A",
    "mips":500,
    "type":"vm",
    "pes":1,
    "ram":512
  },
  {
    "size":1000,
    "name":"10.31.40.19",
    "host":"host35",
    "start":"0.1",
    "end":"0.37",
    "datacenter":"A",
    "mips":500,
    "type":"vm",
    "pes":1,
    "ram":512
  },
  {
    "size":1000,
    "name":"10.31.40.20",
    "host":"host40",
    "start":"0.1",
    "end":"0.37",
    "datacenter":"A",
    "mips":500,
    "type":"vm",
    "pes":1,
    "ram":512
  },
  {
    "size":1000,
    "name":"10.31.40.10",
    "host":"host55",
    "start":"0.1",
    "end":"0.37",
    "datacenter":"A",
    "mips":500,
    "type":"vm",
    "pes":1,
    "ram":512
  },
  {
    "size":1000,
    "name":"10.31.40.35",
    "host":"host25",
    "start":"0.14",
    "end":"0.4",
    "datacenter":"A",
    "mips":500,
    "type":"vm",
    "pes":1,
    "ram":512
  },
  {
    "size":1000,
    "name":"10.31.40.42",
    "host":"host30",
    "start":"0.37",
    "end":"0.4",
    "datacenter":"A",
    "mips":500,
    "type":"vm",
    "pes":1,
    "ram":512
  },
  {
    "size":1000,
    "name":"10.31.40.41",
    "host":"host35",
    "start":"0.37",
    "end":"0.4",
    "datacenter":"A",
    "mips":500,
    "type":"vm",
    "pes":1,
    "ram":512
  },
  {
    "size":1000,
    "name":"10.31.40.45",
    "host":"host50",
    "start":"0.14",
    "end":"0.4",
    "datacenter":"A",
    "mips":500,
    "type":"vm",
    "pes":1,
    "ram":512
  },
  {
    "size":1000,
    "name":"10.31.40.27",
    "host":"host60",
    "start":"0.14",
    "end":"0.4",
    "datacenter":"A",
    "mips":500,
    "type":"vm",
    "pes":1,
    "ram":512
  },
  {
    "size":1000,
    "name":"10.31.40.30",
    "host":"host2",
    "start":"0.1",
    "end":"0.42",
    "datacenter":"A",
    "mips":500,
    "type":"vm",
    "pes":1,
    "ram":512
  },
  {
    "size":1000,
    "name":"10.31.40.25",
    "host":"host3",
    "start":"0.1",
    "end":"0.42",
    "datacenter":"A",
    "mips":500,
    "type":"vm",
    "pes":1,
    "ram":512
  },
  {
    "size":1000,
    "name":"10.31.40.28",
    "host":"host4",
    "start":"0.1",
    "end":"0.42",
    "datacenter":"A",
    "mips":500,
    "type":"vm",
    "pes":1,
    "ram":512
  },
  {
    "size":1000,
    "name":"10.31.40.29",
    "host":"host7",
    "start":"0.1",
    "end":"0.42",
    "datacenter":"A",
    "mips":500,
    "type":"vm",
    "pes":1,
    "ram":512
  },
  {
    "size":1000,
    "name":"10.31.40.26",
    "host":"host8",
    "start":"0.1",
    "end":"0.42",
    "datacenter":"A",
    "mips":500,
    "type":"vm",
    "pes":1,
    "ram":512
  },
  {
    "size":1000,
    "name":"10.31.40.96",
    "host":"host18",
    "start":"0.1",
    "end":"0.42",
    "datacenter":"A",
    "mips":500,
    "type":"vm",
    "pes":1,
    "ram":512
  },
  {
    "size":1000,
    "name":"10.31.40.95",
    "host":"host19",
    "start":"0.1",
    "end":"0.42",
    "datacenter":"A",
    "mips":500,
    "type":"vm",
    "pes":1,
    "ram":512
  },
  {
    "size":1000,
    "name":"10.31.40.8",
    "host":"host22",
    "start":"0.1",
    "end":"0.42",
    "datacenter":"A",
    "mips":500,
    "type":"vm",
    "pes":1,
    "ram":512
  },
  {
    "size":1000,
    "name":"10.31.40.9",
    "host":"host23",
    "start":"0.1",
    "end":"0.42",
    "datacenter":"A",
    "mips":500,
    "type":"vm",
    "pes":1,
    "ram":512
  },
  {
    "size":1000,
    "name":"10.31.40.7",
    "host":"host24",
    "start":"0.1",
    "end":"0.42",
    "datacenter":"A",
    "mips":500,
    "type":"vm",
    "pes":1,
    "ram":512
  },
  {
    "size":1000,
    "name":"10.31.40.6",
    "host":"host27",
    "start":"0.1",
    "end":"0.42",
    "datacenter":"A",
    "mips":500,
    "type":"vm",
    "pes":1,
    "ram":512
  },
  {
    "size":1000,
    "name":"10.31.40.100",
    "host":"host28",
    "start":"0.1",
    "end":"0.42",
    "datacenter":"A",
    "mips":500,
    "type":"vm",
    "pes":1,
    "ram":512
  },
  {
    "size":1000,
    "name":"10.31.40.5",
    "host":"host29",
    "start":"0.1",
    "end":"0.42",
    "datacenter":"A",
    "mips":500,
    "type":"vm",
    "pes":1,
    "ram":512
  },
  {
    "size":1000,
    "name":"10.31.40.36",
    "host":"host20",
    "start":"0.17",
    "end":"0.44",
    "datacenter":"A",
    "mips":500,
    "type":"vm",
    "pes":1,
    "ram":512
  },
  {
    "size":1000,
    "name":"10.31.40.43",
    "host":"host40",
    "start":"0.37",
    "end":"0.44",
    "datacenter":"A",
    "mips":500,
    "type":"vm",
    "pes":1,
    "ram":512
  },
  {
    "size":1000,
    "name":"10.31.40.33",
    "host":"host45",
    "start":"0.37",
    "end":"0.44",
    "datacenter":"A",
    "mips":500,
    "type":"vm",
    "pes":1,
    "ram":512
  },
  {
    "size":1000,
    "name":"10.31.40.37",
    "host":"host15",
    "start":"0.27",
    "end":"0.54",
    "datacenter":"A",
    "mips":500,
    "type":"vm",
    "pes":1,
    "ram":512
  },
  {
    "size":1000,
    "name":"10.31.40.39",
    "host":"host0",
    "start":"0.37",
    "end":"0.64",
    "datacenter":"A",
    "mips":500,
    "type":"vm",
    "pes":1,
    "ram":512
  },
  {
    "size":1000,
    "name":"10.31.40.40",
    "host":"host5",
    "start":"0.37",
    "end":"0.64",
    "datacenter":"A",
    "mips":500,
    "type":"vm",
    "pes":1,
    "ram":512
  },
  {
    "size":1000,
    "name":"10.31.40.38",
    "host":"host10",
    "start":"0.37",
    "end":"0.64",
    "datacenter":"A",
    "mips":500,
    "type":"vm",
    "pes":1,
    "ram":512
  },
  {
    "size":1000,
    "name":"10.31.40.48",
    "host":"host20",
    "start":"0.44",
    "end":"0.7",
    "datacenter":"A",
    "mips":500,
    "type":"vm",
    "pes":1,
    "ram":512
  },
  {
    "size":1000,
    "name":"10.31.40.46",
    "host":"host25",
    "start":"0.44",
    "end":"0.7",
    "datacenter":"A",
    "mips":500,
    "type":"vm",
    "pes":1,
    "ram":512
  },
  {
    "size":1000,
    "name":"10.31.40.51",
    "host":"host5",
    "start":"0.7",
    "end":"0.74",
    "datacenter":"A",
    "mips":500,
    "type":"vm",
    "pes":1,
    "ram":512
  },
  {
    "size":1000,
    "name":"10.31.40.52",
    "host":"host5",
    "start":"0.74",
    "end":"0.77",
    "datacenter":"A",
    "mips":500,
    "type":"vm",
    "pes":1,
    "ram":512
  },
  {
    "size":1000,
    "name":"10.31.40.53",
    "host":"host5",
    "start":"0.77",
    "end":"0.84",
    "datacenter":"A",
    "mips":500,
    "type":"vm",
    "pes":1,
    "ram":512
  },
  {
    "size":1000,
    "name":"10.31.40.47",
    "host":"host0",
    "start":"0.64",
    "end":"0.9",
    "datacenter":"A",
    "mips":500,
    "type":"vm",
    "pes":1,
    "ram":512
  },
  {
    "size":1000,
    "name":"10.31.40.61",
    "host":"host60",
    "start":"0.9",
    "end":"0.94",
    "datacenter":"A",
    "mips":500,
    "type":"vm",
    "pes":1,
    "ram":512
  },
  {
    "size":1000,
    "name":"10.31.40.62",
    "host":"host2",
    "start":"0.9",
    "end":"0.97",
    "datacenter":"A",
    "mips":500,
    "type":"vm",
    "pes":1,
    "ram":512
  },
  {
    "size":1000,
    "name":"10.31.40.70",
    "host":"host15",
    "start":"0.7",
    "end":"0.97",
    "datacenter":"A",
    "mips":500,
    "type":"vm",
    "pes":1,
    "ram":512
  },
  {
    "size":1000,
    "name":"10.31.40.63",
    "host":"host25",
    "start":"0.9",
    "end":"0.97",
    "datacenter":"A",
    "mips":500,
    "type":"vm",
    "pes":1,
    "ram":512
  },
  {
    "size":1000,
    "name":"10.31.40.69",
    "host":"host30",
    "start":"0.7",
    "end":"0.97",
    "datacenter":"A",
    "mips":500,
    "type":"vm",
    "pes":1,
    "ram":512
  },
  {
    "size":1000,
    "name":"10.31.40.59",
    "host":"host35",
    "start":"0.7",
    "end":"0.97",
    "datacenter":"A",
    "mips":500,
    "type":"vm",
    "pes":1,
    "ram":512
  },
  {
    "size":1000,
    "name":"10.31.40.57",
    "host":"host40",
    "start":"0.7",
    "end":"0.97",
    "datacenter":"A",
    "mips":500,
    "type":"vm",
    "pes":1,
    "ram":512
  },
  {
    "size":1000,
    "name":"10.31.40.58",
    "host":"host50",
    "start":"0.7",
    "end":"0.97",
    "datacenter":"A",
    "mips":500,
    "type":"vm",
    "pes":1,
    "ram":512
  },
  {
    "size":1000,
    "name":"10.31.40.54",
    "host":"host5",
    "start":"0.84",
    "end":"1",
    "datacenter":"A",
    "mips":500,
    "type":"vm",
    "pes":1,
    "ram":512
  },
  {
    "size":1000,
    "name":"10.31.40.81",
    "host":"host50",
    "start":"0.97",
    "end":"1",
    "datacenter":"A",
    "mips":500,
    "type":"vm",
    "pes":1,
    "ram":512
  },
  {
    "size":1000,
    "name":"10.31.40.82",
    "host":"host2",
    "start":"0.97",
    "end":"1.02",
    "datacenter":"A",
    "mips":500,
    "type":"vm",
    "pes":1,
    "ram":512
  },
  {
    "size":1000,
    "name":"10.31.40.56",
    "host":"host3",
    "start":"0.7",
    "end":"1.02",
    "datacenter":"A",
    "mips":500,
    "type":"vm",
    "pes":1,
    "ram":512
  },
  {
    "size":1000,
    "name":"10.31.40.50",
    "host":"host4",
    "start":"0.7",
    "end":"1.02",
    "datacenter":"A",
    "mips":500,
    "type":"vm",
    "pes":1,
    "ram":512
  },
  {
    "size":1000,
    "name":"10.31.40.49",
    "host":"host7",
    "start":"0.7",
    "end":"1.02",
    "datacenter":"A",
    "mips":500,
    "type":"vm",
    "pes":1,
    "ram":512
  },
  {
    "size":1000,
    "name":"10.31.40.55",
    "host":"host8",
    "start":"0.7",
    "end":"1.02",
    "datacenter":"A",
    "mips":500,
    "type":"vm",
    "pes":1,
    "ram":512
  },
  {
    "size":1000,
    "name":"10.31.40.93",
    "host":"host35",
    "start":"0.97",
    "end":"1.04",
    "datacenter":"A",
    "mips":500,
    "type":"vm",
    "pes":1,
    "ram":512
  },
  {
    "size":1000,
    "name":"10.31.40.83",
    "host":"host40",
    "start":"0.97",
    "end":"1.04",
    "datacenter":"A",
    "mips":500,
    "type":"vm",
    "pes":1,
    "ram":512
  },
  {
    "size":1000,
    "name":"10.31.40.64",
    "host":"host10",
    "start":"0.9",
    "end":"1.07",
    "datacenter":"A",
    "mips":500,
    "type":"vm",
    "pes":1,
    "ram":512
  },
  {
    "size":1000,
    "name":"10.31.40.94",
    "host":"host30",
    "start":"0.97",
    "end":"1.14",
    "datacenter":"A",
    "mips":500,
    "type":"vm",
    "pes":1,
    "ram":512
  },
  {
    "size":1000,
    "name":"10.31.40.66",
    "host":"host0",
    "start":"0.9",
    "end":"1.17",
    "datacenter":"A",
    "mips":500,
    "type":"vm",
    "pes":1,
    "ram":512
  },
  {
    "size":1000,
    "name":"10.31.40.60",
    "host":"host20",
    "start":"0.9",
    "end":"1.17",
    "datacenter":"A",
    "mips":500,
    "type":"vm",
    "pes":1,
    "ram":512
  },
  {
    "size":1000,
    "name":"10.31.40.68",
    "host":"host45",
    "start":"0.9",
    "end":"1.17",
    "datacenter":"A",
    "mips":500,
    "type":"vm",
    "pes":1,
    "ram":512
  },
  {
    "size":1000,
    "name":"10.31.40.67",
    "host":"host55",
    "start":"0.9",
    "end":"1.17",
    "datacenter":"A",
    "mips":500,
    "type":"vm",
    "pes":1,
    "ram":512
  },
  {
    "size":1000,
    "name":"10.31.40.91",
    "host":"host30",
    "start":"1.17",
    "end":"1.2",
    "datacenter":"A",
    "mips":500,
    "type":"vm",
    "pes":1,
    "ram":512
  },
  {
    "size":1000,
    "name":"10.31.40.92",
    "host":"host35",
    "start":"1.17",
    "end":"1.2",
    "datacenter":"A",
    "mips":500,
    "type":"vm",
    "pes":1,
    "ram":512
  },
  {
    "size":1000,
    "name":"10.31.40.85",
    "host":"host60",
    "start":"0.94",
    "end":"1.2",
    "datacenter":"A",
    "mips":500,
    "type":"vm",
    "pes":1,
    "ram":512
  },
  {
    "size":1000,
    "name":"10.31.40.87",
    "host":"host15",
    "start":"0.97",
    "end":"1.24",
    "datacenter":"A",
    "mips":500,
    "type":"vm",
    "pes":1,
    "ram":512
  },
  {
    "size":1000,
    "name":"10.31.40.86",
    "host":"host25",
    "start":"0.97",
    "end":"1.24",
    "datacenter":"A",
    "mips":500,
    "type":"vm",
    "pes":1,
    "ram":512
  },
  {
    "size":1000,
    "name":"10.31.40.65",
    "host":"host5",
    "start":"1",
    "end":"1.27",
    "datacenter":"A",
    "mips":500,
    "type":"vm",
    "pes":1,
    "ram":512
  },
  {
    "size":1000,
    "name":"10.31.40.97",
    "host":"host50",
    "start":"1.04",
    "end":"1.3",
    "datacenter":"A",
    "mips":500,
    "type":"vm",
    "pes":1,
    "ram":512
  },
  {
    "size":1000,
    "name":"10.31.40.88",
    "host":"host10",
    "start":"1.07",
    "end":"1.34",
    "datacenter":"A",
    "mips":500,
    "type":"vm",
    "pes":1,
    "ram":512
  },
  {
    "size":1000,
    "name":"10.31.40.84",
    "host":"host20",
    "start":"1.17",
    "end":"1.34",
    "datacenter":"A",
    "mips":500,
    "type":"vm",
    "pes":1,
    "ram":512
  },
  {
    "size":1000,
    "name":"10.31.40.99",
    "host":"host40",
    "start":"1.14",
    "end":"1.4",
    "datacenter":"A",
    "mips":500,
    "type":"vm",
    "pes":1,
    "ram":512
  },
  {
    "size":1000,
    "name":"10.31.40.90",
    "host":"host0",
    "start":"1.17",
    "end":"1.44",
    "datacenter":"A",
    "mips":500,
    "type":"vm",
    "pes":1,
    "ram":512
  },
  {
    "size":1000,
    "name":"10.31.40.89",
    "host":"host5",
    "start":"1.27",
    "end":"1.54",
    "datacenter":"A",
    "mips":500,
    "type":"vm",
    "pes":1,
    "ram":512
  },
  {
    "size":1000,
    "name":"10.31.40.98",
    "host":"host0",
    "start":"1.54",
    "end":"1.8",
    "datacenter":"A",
    "mips":500,
    "type":"vm",
    "pes":1,
    "ram":512
  }
]
