<?xml version="1.0" encoding="utf-8"?>
<NetworkTopo RleaseDate="27/01/2021 21:52:27" ICDVerison="BP2.3.1">
    <Switches>
        <Switch Name="edge1" Network="A" PortNum="16" Type="edge" Speed="10" IpAddress="10.31.42.3" Guid="a2e6640e-8d60-411a-977f-d09c5aab8d04" ExtGuid="125">
        </Switch>
        <Switch Name="edge2" Network="A" PortNum="16" Type="edge" Speed="10" IpAddress="10.31.42.4" Guid="a2e6640e-8d60-411a-977f-d09c5aab8d04" ExtGuid="126">
        </Switch>
        <Switch Name="edge3" Network="A" PortNum="16" Type="edge" Speed="10" IpAddress="10.31.42.5" Guid="a2e6640e-8d60-411a-977f-d09c5aab8d04" ExtGuid="127">
        </Switch>
        <Switch Name="edge4" Network="A" PortNum="16" Type="edge" Speed="10" IpAddress="10.31.42.6" Guid="a2e6640e-8d60-411a-977f-d09c5aab8d04" ExtGuid="128">
        </Switch>
        <Switch Name="edge5" Network="A" PortNum="16" Type="edge" Speed="10" IpAddress="10.31.42.7" Guid="a2e6640e-8d60-411a-977f-d09c5aab8d04" ExtGuid="129">
        </Switch>
        <Switch Name="edge6" Network="A" PortNum="16" Type="edge" Speed="10" IpAddress="10.31.42.8" Guid="a2e6640e-8d60-411a-977f-d09c5aab8d04" ExtGuid="130">
        </Switch>
        <Switch Name="edge7" Network="A" PortNum="16" Type="edge" Speed="10" IpAddress="10.31.42.9" Guid="a2e6640e-8d60-411a-977f-d09c5aab8d04" ExtGuid="131">
        </Switch>
        <Switch Name="edge8" Network="A" PortNum="16" Type="edge" Speed="10" IpAddress="10.31.42.10" Guid="a2e6640e-8d60-411a-977f-d09c5aab8d04" ExtGuid="132">
        </Switch>
        <Switch Name="core1" Network="A" PortNum="16" Type="core" Speed="10" IpAddress="10.31.42.11" Guid="a2e6640e-8d60-411a-977f-d09c5aab8d04" ExtGuid="133">
        </Switch>
    </Switches>

    <Links>
        <Link Name="LINK01" Src="edge1" Dst="host1" BW="10" Latency="0.001">
        </Link>
        <Link Name="LINK02" Src="edge1" Dst="host2" BW="10" Latency="0.001">
        </Link>
        <Link Name="LINK03" Src="edge1" Dst="host3" BW="10" Latency="0.001">
        </Link>
        <Link Name="LINK04" Src="edge1" Dst="host4" BW="10" Latency="0.001">
        </Link>
        <Link Name="LINK05" Src="edge1" Dst="host5" BW="10" Latency="0.001">
        </Link>
        <Link Name="LINK06" Src="edge1" Dst="host6" BW="10" Latency="0.001">
        </Link>
        <Link Name="LINK07" Src="edge1" Dst="host7" BW="10" Latency="0.001">
        </Link>
        <Link Name="LINK08" Src="edge1" Dst="host8" BW="10" Latency="0.001">
        </Link>
        <Link Name="LINK11" Src="edge2" Dst="host9" BW="10" Latency="0.001">
        </Link>
        <Link Name="LINK12" Src="edge2" Dst="host10" BW="10" Latency="0.001">
        </Link>
        <Link Name="LINK13" Src="edge2" Dst="host11" BW="10" Latency="0.001">
        </Link>
        <Link Name="LINK14" Src="edge2" Dst="host12" BW="10" Latency="0.001">
        </Link>
        <Link Name="LINK15" Src="edge2" Dst="host13" BW="10" Latency="0.001">
        </Link>
        <Link Name="LINK16" Src="edge2" Dst="host14" BW="10" Latency="0.001">
        </Link>
        <Link Name="LINK17" Src="edge2" Dst="host15" BW="10" Latency="0.001">
        </Link>
        <Link Name="LINK18" Src="edge2" Dst="host16" BW="10" Latency="0.001">
        </Link>
        <Link Name="LINK21" Src="edge3" Dst="host17" BW="10" Latency="0.001">
        </Link>
        <Link Name="LINK22" Src="edge3" Dst="host18" BW="10" Latency="0.001">
        </Link>
        <Link Name="LINK23" Src="edge3" Dst="host19" BW="10" Latency="0.001">
        </Link>
        <Link Name="LINK24" Src="edge3" Dst="host20" BW="10" Latency="0.001">
        </Link>
        <Link Name="LINK25" Src="edge3" Dst="host21" BW="10" Latency="0.001">
        </Link>
        <Link Name="LINK26" Src="edge3" Dst="host22" BW="10" Latency="0.001">
        </Link>
        <Link Name="LINK27" Src="edge3" Dst="host23" BW="10" Latency="0.001">
        </Link>
        <Link Name="LINK28" Src="edge3" Dst="host24" BW="10" Latency="0.001">
        </Link>
        <Link Name="LINK31" Src="edge4" Dst="host25" BW="10" Latency="0.001">
        </Link>
        <Link Name="LINK32" Src="edge4" Dst="host26" BW="10" Latency="0.001">
        </Link>
        <Link Name="LINK33" Src="edge4" Dst="host27" BW="10" Latency="0.001">
        </Link>
        <Link Name="LINK34" Src="edge4" Dst="host28" BW="10" Latency="0.001">
        </Link>
        <Link Name="LINK35" Src="edge4" Dst="host29" BW="10" Latency="0.001">
        </Link>
        <Link Name="LINK36" Src="edge4" Dst="host30" BW="10" Latency="0.001">
        </Link>
        <Link Name="LINK37" Src="edge4" Dst="host31" BW="10" Latency="0.001">
        </Link>
        <Link Name="LINK38" Src="edge4" Dst="host32" BW="10" Latency="0.001">
        </Link>
        <Link Name="LINK41" Src="edge5" Dst="host33" BW="10" Latency="0.001">
        </Link>
        <Link Name="LINK42" Src="edge5" Dst="host34" BW="10" Latency="0.001">
        </Link>
        <Link Name="LINK43" Src="edge5" Dst="host35" BW="10" Latency="0.001">
        </Link>
        <Link Name="LINK44" Src="edge5" Dst="host36" BW="10" Latency="0.001">
        </Link>
        <Link Name="LINK45" Src="edge5" Dst="host37" BW="10" Latency="0.001">
        </Link>
        <Link Name="LINK46" Src="edge5" Dst="host38" BW="10" Latency="0.001">
        </Link>
        <Link Name="LINK47" Src="edge5" Dst="host39" BW="10" Latency="0.001">
        </Link>
        <Link Name="LINK48" Src="edge5" Dst="host40" BW="10" Latency="0.001">
        </Link>
        <Link Name="LINK51" Src="edge6" Dst="host41" BW="10" Latency="0.001">
        </Link>
        <Link Name="LINK52" Src="edge6" Dst="host42" BW="10" Latency="0.001">
        </Link>
        <Link Name="LINK53" Src="edge6" Dst="host43" BW="10" Latency="0.001">
        </Link>
        <Link Name="LINK54" Src="edge6" Dst="host44" BW="10" Latency="0.001">
        </Link>
        <Link Name="LINK55" Src="edge6" Dst="host45" BW="10" Latency="0.001">
        </Link>
        <Link Name="LINK56" Src="edge6" Dst="host46" BW="10" Latency="0.001">
        </Link>
        <Link Name="LINK57" Src="edge6" Dst="host47" BW="10" Latency="0.001">
        </Link>
        <Link Name="LINK58" Src="edge6" Dst="host48" BW="10" Latency="0.001">
        </Link>
        <Link Name="LINK61" Src="edge7" Dst="host49" BW="10" Latency="0.001">
        </Link>
        <Link Name="LINK62" Src="edge7" Dst="host50" BW="10" Latency="0.001">
        </Link>
        <Link Name="LINK63" Src="edge7" Dst="host51" BW="10" Latency="0.001">
        </Link>
        <Link Name="LINK64" Src="edge7" Dst="host52" BW="10" Latency="0.001">
        </Link>
        <Link Name="LINK65" Src="edge7" Dst="host53" BW="10" Latency="0.001">
        </Link>
        <Link Name="LINK66" Src="edge7" Dst="host54" BW="10" Latency="0.001">
        </Link>
        <Link Name="LINK67" Src="edge7" Dst="host55" BW="10" Latency="0.001">
        </Link>
        <Link Name="LINK68" Src="edge7" Dst="host56" BW="10" Latency="0.001">
        </Link>
        <Link Name="LINK71" Src="edge8" Dst="host57" BW="10" Latency="0.001">
        </Link>
        <Link Name="LINK72" Src="edge8" Dst="host58" BW="10" Latency="0.001">
        </Link>
        <Link Name="LINK73" Src="edge8" Dst="host59" BW="10" Latency="0.001">
        </Link>
        <Link Name="LINK74" Src="edge8" Dst="host60" BW="10" Latency="0.001">
        </Link>
        <Link Name="LINK75" Src="edge8" Dst="host61" BW="10" Latency="0.001">
        </Link>
        <Link Name="LINK76" Src="edge8" Dst="host62" BW="10" Latency="0.001">
        </Link>
        <Link Name="LINK77" Src="edge8" Dst="host63" BW="10" Latency="0.001">
        </Link>
        <Link Name="LINK78" Src="edge8" Dst="host64" BW="10" Latency="0.001">
        </Link>

        <Link Name="LINK101" Src="core1" Dst="edge1" BW="10" Latency="0.001">
        </Link>
        <Link Name="LINK102" Src="core1" Dst="edge2" BW="10" Latency="0.001">
        </Link>
        <Link Name="LINK103" Src="core1" Dst="edge3" BW="10" Latency="0.001">
        </Link>
        <Link Name="LINK104" Src="core1" Dst="edge4" BW="10" Latency="0.001">
        </Link>
        <Link Name="LINK105" Src="core1" Dst="edge5" BW="10" Latency="0.001">
        </Link>
        <Link Name="LINK106" Src="core1" Dst="edge6" BW="10" Latency="0.001">
        </Link>
        <Link Name="LINK107" Src="core1" Dst="edge7" BW="10" Latency="0.001">
        </Link>
        <Link Name="LINK108" Src="core1" Dst="edge8" BW="10" Latency="0.001">
        </Link>
    </Links>

</NetworkTopo>
