[{"size":1000,"name":"10.31.40.2","host":"host2","start":"0.1","end":"0.15","datacenter":"A","mips":500,"type":"vm","pes":1,"ram":512},{"size":1000,"name":"10.31.40.3","host":"host2","start":"0.15","end":"0.25","datacenter":"A","mips":500,"type":"vm","pes":1,"ram":512},{"size":1000,"name":"10.31.40.4","host":"host3","start":"0.1","end":"0.3","datacenter":"A","mips":500,"type":"vm","pes":1,"ram":512},{"size":1000,"name":"10.31.40.5","host":"host1","start":"0.1","end":"0.37","datacenter":"A","mips":500,"type":"vm","pes":1,"ram":512},{"size":1000,"name":"10.31.40.7","host":"host3","start":"0.3","end":"0.62","datacenter":"A","mips":500,"type":"vm","pes":1,"ram":512},{"size":1000,"name":"10.31.40.8","host":"host1","start":"0.37","end":"0.64","datacenter":"A","mips":500,"type":"vm","pes":1,"ram":512},{"size":1000,"name":"10.31.40.6","host":"host2","start":"0.25","end":"0.65","datacenter":"A","mips":500,"type":"vm","pes":1,"ram":512},{"size":1000,"name":"10.31.40.1","host":"host1","start":"0.64","end":"0.67","datacenter":"A","mips":500,"type":"vm","pes":1,"ram":512}]