{"nodes":[{"ram":10240,"pes":16,"name":"h_0_0","bw":1000000000,"mips":4000,"type":"host","storage":10000000},{"ram":10240,"pes":16,"name":"h_0_1","bw":1000000000,"mips":4000,"type":"host","storage":10000000},{"ram":10240,"pes":16,"name":"h_0_2","bw":1000000000,"mips":4000,"type":"host","storage":10000000},{"ram":10240,"pes":16,"name":"h_0_3","bw":1000000000,"mips":4000,"type":"host","storage":10000000},{"ram":10240,"pes":16,"name":"h_0_4","bw":1000000000,"mips":4000,"type":"host","storage":10000000},{"ram":10240,"pes":16,"name":"h_0_5","bw":1000000000,"mips":4000,"type":"host","storage":10000000},{"ram":10240,"pes":16,"name":"h_0_6","bw":1000000000,"mips":4000,"type":"host","storage":10000000},{"ram":10240,"pes":16,"name":"h_0_7","bw":1000000000,"mips":4000,"type":"host","storage":10000000},{"ram":10240,"pes":16,"name":"h_0_8","bw":1000000000,"mips":4000,"type":"host","storage":10000000},{"ram":10240,"pes":16,"name":"h_0_9","bw":1000000000,"mips":4000,"type":"host","storage":10000000},{"ram":10240,"pes":16,"name":"h_1_0","bw":1000000000,"mips":4000,"type":"host","storage":10000000},{"ram":10240,"pes":16,"name":"h_1_1","bw":1000000000,"mips":4000,"type":"host","storage":10000000},{"ram":10240,"pes":16,"name":"h_1_2","bw":1000000000,"mips":4000,"type":"host","storage":10000000},{"ram":10240,"pes":16,"name":"h_1_3","bw":1000000000,"mips":4000,"type":"host","storage":10000000},{"ram":10240,"pes":16,"name":"h_1_4","bw":1000000000,"mips":4000,"type":"host","storage":10000000},{"ram":10240,"pes":16,"name":"h_1_5","bw":1000000000,"mips":4000,"type":"host","storage":10000000},{"ram":10240,"pes":16,"name":"h_1_6","bw":1000000000,"mips":4000,"type":"host","storage":10000000},{"ram":10240,"pes":16,"name":"h_1_7","bw":1000000000,"mips":4000,"type":"host","storage":10000000},{"ram":10240,"pes":16,"name":"h_1_8","bw":1000000000,"mips":4000,"type":"host","storage":10000000},{"ram":10240,"pes":16,"name":"h_1_9","bw":1000000000,"mips":4000,"type":"host","storage":10000000},{"ram":10240,"pes":16,"name":"h_2_0","bw":1000000000,"mips":4000,"type":"host","storage":10000000},{"ram":10240,"pes":16,"name":"h_2_1","bw":1000000000,"mips":4000,"type":"host","storage":10000000},{"ram":10240,"pes":16,"name":"h_2_2","bw":1000000000,"mips":4000,"type":"host","storage":10000000},{"ram":10240,"pes":16,"name":"h_2_3","bw":1000000000,"mips":4000,"type":"host","storage":10000000},{"ram":10240,"pes":16,"name":"h_2_4","bw":1000000000,"mips":4000,"type":"host","storage":10000000},{"ram":10240,"pes":16,"name":"h_2_5","bw":1000000000,"mips":4000,"type":"host","storage":10000000},{"ram":10240,"pes":16,"name":"h_2_6","bw":1000000000,"mips":4000,"type":"host","storage":10000000},{"ram":10240,"pes":16,"name":"h_2_7","bw":1000000000,"mips":4000,"type":"host","storage":10000000},{"ram":10240,"pes":16,"name":"h_2_8","bw":1000000000,"mips":4000,"type":"host","storage":10000000},{"ram":10240,"pes":16,"name":"h_2_9","bw":1000000000,"mips":4000,"type":"host","storage":10000000},{"ram":10240,"pes":16,"name":"h_3_0","bw":1000000000,"mips":4000,"type":"host","storage":10000000},{"ram":10240,"pes":16,"name":"h_3_1","bw":1000000000,"mips":4000,"type":"host","storage":10000000},{"ram":10240,"pes":16,"name":"h_3_2","bw":1000000000,"mips":4000,"type":"host","storage":10000000},{"ram":10240,"pes":16,"name":"h_3_3","bw":1000000000,"mips":4000,"type":"host","storage":10000000},{"ram":10240,"pes":16,"name":"h_3_4","bw":1000000000,"mips":4000,"type":"host","storage":10000000},{"ram":10240,"pes":16,"name":"h_3_5","bw":1000000000,"mips":4000,"type":"host","storage":10000000},{"ram":10240,"pes":16,"name":"h_3_6","bw":1000000000,"mips":4000,"type":"host","storage":10000000},{"ram":10240,"pes":16,"name":"h_3_7","bw":1000000000,"mips":4000,"type":"host","storage":10000000},{"ram":10240,"pes":16,"name":"h_3_8","bw":1000000000,"mips":4000,"type":"host","storage":10000000},{"ram":10240,"pes":16,"name":"h_3_9","bw":1000000000,"mips":4000,"type":"host","storage":10000000},{"ram":10240,"pes":16,"name":"h_4_0","bw":1000000000,"mips":4000,"type":"host","storage":10000000},{"ram":10240,"pes":16,"name":"h_4_1","bw":1000000000,"mips":4000,"type":"host","storage":10000000},{"ram":10240,"pes":16,"name":"h_4_2","bw":1000000000,"mips":4000,"type":"host","storage":10000000},{"ram":10240,"pes":16,"name":"h_4_3","bw":1000000000,"mips":4000,"type":"host","storage":10000000},{"ram":10240,"pes":16,"name":"h_4_4","bw":1000000000,"mips":4000,"type":"host","storage":10000000},{"ram":10240,"pes":16,"name":"h_4_5","bw":1000000000,"mips":4000,"type":"host","storage":10000000},{"ram":10240,"pes":16,"name":"h_4_6","bw":1000000000,"mips":4000,"type":"host","storage":10000000},{"ram":10240,"pes":16,"name":"h_4_7","bw":1000000000,"mips":4000,"type":"host","storage":10000000},{"ram":10240,"pes":16,"name":"h_4_8","bw":1000000000,"mips":4000,"type":"host","storage":10000000},{"ram":10240,"pes":16,"name":"h_4_9","bw":1000000000,"mips":4000,"type":"host","storage":10000000},{"ram":10240,"pes":16,"name":"h_5_0","bw":1000000000,"mips":4000,"type":"host","storage":10000000},{"ram":10240,"pes":16,"name":"h_5_1","bw":1000000000,"mips":4000,"type":"host","storage":10000000},{"ram":10240,"pes":16,"name":"h_5_2","bw":1000000000,"mips":4000,"type":"host","storage":10000000},{"ram":10240,"pes":16,"name":"h_5_3","bw":1000000000,"mips":4000,"type":"host","storage":10000000},{"ram":10240,"pes":16,"name":"h_5_4","bw":1000000000,"mips":4000,"type":"host","storage":10000000},{"ram":10240,"pes":16,"name":"h_5_5","bw":1000000000,"mips":4000,"type":"host","storage":10000000},{"ram":10240,"pes":16,"name":"h_5_6","bw":1000000000,"mips":4000,"type":"host","storage":10000000},{"ram":10240,"pes":16,"name":"h_5_7","bw":1000000000,"mips":4000,"type":"host","storage":10000000},{"ram":10240,"pes":16,"name":"h_5_8","bw":1000000000,"mips":4000,"type":"host","storage":10000000},{"ram":10240,"pes":16,"name":"h_5_9","bw":1000000000,"mips":4000,"type":"host","storage":10000000},{"ram":10240,"pes":16,"name":"h_6_0","bw":1000000000,"mips":4000,"type":"host","storage":10000000},{"ram":10240,"pes":16,"name":"h_6_1","bw":1000000000,"mips":4000,"type":"host","storage":10000000},{"ram":10240,"pes":16,"name":"h_6_2","bw":1000000000,"mips":4000,"type":"host","storage":10000000},{"ram":10240,"pes":16,"name":"h_6_3","bw":1000000000,"mips":4000,"type":"host","storage":10000000},{"ram":10240,"pes":16,"name":"h_6_4","bw":1000000000,"mips":4000,"type":"host","storage":10000000},{"ram":10240,"pes":16,"name":"h_6_5","bw":1000000000,"mips":4000,"type":"host","storage":10000000},{"ram":10240,"pes":16,"name":"h_6_6","bw":1000000000,"mips":4000,"type":"host","storage":10000000},{"ram":10240,"pes":16,"name":"h_6_7","bw":1000000000,"mips":4000,"type":"host","storage":10000000},{"ram":10240,"pes":16,"name":"h_6_8","bw":1000000000,"mips":4000,"type":"host","storage":10000000},{"ram":10240,"pes":16,"name":"h_6_9","bw":1000000000,"mips":4000,"type":"host","storage":10000000},{"ram":10240,"pes":16,"name":"h_7_0","bw":1000000000,"mips":4000,"type":"host","storage":10000000},{"ram":10240,"pes":16,"name":"h_7_1","bw":1000000000,"mips":4000,"type":"host","storage":10000000},{"ram":10240,"pes":16,"name":"h_7_2","bw":1000000000,"mips":4000,"type":"host","storage":10000000},{"ram":10240,"pes":16,"name":"h_7_3","bw":1000000000,"mips":4000,"type":"host","storage":10000000},{"ram":10240,"pes":16,"name":"h_7_4","bw":1000000000,"mips":4000,"type":"host","storage":10000000},{"ram":10240,"pes":16,"name":"h_7_5","bw":1000000000,"mips":4000,"type":"host","storage":10000000},{"ram":10240,"pes":16,"name":"h_7_6","bw":1000000000,"mips":4000,"type":"host","storage":10000000},{"ram":10240,"pes":16,"name":"h_7_7","bw":1000000000,"mips":4000,"type":"host","storage":10000000},{"ram":10240,"pes":16,"name":"h_7_8","bw":1000000000,"mips":4000,"type":"host","storage":10000000},{"ram":10240,"pes":16,"name":"h_7_9","bw":1000000000,"mips":4000,"type":"host","storage":10000000},{"ram":10240,"pes":16,"name":"h_8_0","bw":1000000000,"mips":4000,"type":"host","storage":10000000},{"ram":10240,"pes":16,"name":"h_8_1","bw":1000000000,"mips":4000,"type":"host","storage":10000000},{"ram":10240,"pes":16,"name":"h_8_2","bw":1000000000,"mips":4000,"type":"host","storage":10000000},{"ram":10240,"pes":16,"name":"h_8_3","bw":1000000000,"mips":4000,"type":"host","storage":10000000},{"ram":10240,"pes":16,"name":"h_8_4","bw":1000000000,"mips":4000,"type":"host","storage":10000000},{"ram":10240,"pes":16,"name":"h_8_5","bw":1000000000,"mips":4000,"type":"host","storage":10000000},{"ram":10240,"pes":16,"name":"h_8_6","bw":1000000000,"mips":4000,"type":"host","storage":10000000},{"ram":10240,"pes":16,"name":"h_8_7","bw":1000000000,"mips":4000,"type":"host","storage":10000000},{"ram":10240,"pes":16,"name":"h_8_8","bw":1000000000,"mips":4000,"type":"host","storage":10000000},{"ram":10240,"pes":16,"name":"h_8_9","bw":1000000000,"mips":4000,"type":"host","storage":10000000},{"ram":10240,"pes":16,"name":"h_9_0","bw":1000000000,"mips":4000,"type":"host","storage":10000000},{"ram":10240,"pes":16,"name":"h_9_1","bw":1000000000,"mips":4000,"type":"host","storage":10000000},{"ram":10240,"pes":16,"name":"h_9_2","bw":1000000000,"mips":4000,"type":"host","storage":10000000},{"ram":10240,"pes":16,"name":"h_9_3","bw":1000000000,"mips":4000,"type":"host","storage":10000000},{"ram":10240,"pes":16,"name":"h_9_4","bw":1000000000,"mips":4000,"type":"host","storage":10000000},{"ram":10240,"pes":16,"name":"h_9_5","bw":1000000000,"mips":4000,"type":"host","storage":10000000},{"ram":10240,"pes":16,"name":"h_9_6","bw":1000000000,"mips":4000,"type":"host","storage":10000000},{"ram":10240,"pes":16,"name":"h_9_7","bw":1000000000,"mips":4000,"type":"host","storage":10000000},{"ram":10240,"pes":16,"name":"h_9_8","bw":1000000000,"mips":4000,"type":"host","storage":10000000},{"ram":10240,"pes":16,"name":"h_9_9","bw":1000000000,"mips":4000,"type":"host","storage":10000000},{"iops":1000000000,"name":"c","bw":1000000000,"type":"core"},{"iops":1000000000,"name":"e0","bw":1000000000,"type":"edge"},{"iops":1000000000,"name":"e1","bw":1000000000,"type":"edge"},{"iops":1000000000,"name":"e2","bw":1000000000,"type":"edge"},{"iops":1000000000,"name":"e3","bw":1000000000,"type":"edge"},{"iops":1000000000,"name":"e4","bw":1000000000,"type":"edge"},{"iops":1000000000,"name":"e5","bw":1000000000,"type":"edge"},{"iops":1000000000,"name":"e6","bw":1000000000,"type":"edge"},{"iops":1000000000,"name":"e7","bw":1000000000,"type":"edge"},{"iops":1000000000,"name":"e8","bw":1000000000,"type":"edge"},{"iops":1000000000,"name":"e9","bw":1000000000,"type":"edge"}],"links":[{"latency":0.1,"source":"c","destination":"e0"},{"latency":0.1,"source":"e0","destination":"h_0_0"},{"latency":0.1,"source":"e0","destination":"h_0_1"},{"latency":0.1,"source":"e0","destination":"h_0_2"},{"latency":0.1,"source":"e0","destination":"h_0_3"},{"latency":0.1,"source":"e0","destination":"h_0_4"},{"latency":0.1,"source":"e0","destination":"h_0_5"},{"latency":0.1,"source":"e0","destination":"h_0_6"},{"latency":0.1,"source":"e0","destination":"h_0_7"},{"latency":0.1,"source":"e0","destination":"h_0_8"},{"latency":0.1,"source":"e0","destination":"h_0_9"},{"latency":0.1,"source":"c","destination":"e1"},{"latency":0.1,"source":"e1","destination":"h_1_0"},{"latency":0.1,"source":"e1","destination":"h_1_1"},{"latency":0.1,"source":"e1","destination":"h_1_2"},{"latency":0.1,"source":"e1","destination":"h_1_3"},{"latency":0.1,"source":"e1","destination":"h_1_4"},{"latency":0.1,"source":"e1","destination":"h_1_5"},{"latency":0.1,"source":"e1","destination":"h_1_6"},{"latency":0.1,"source":"e1","destination":"h_1_7"},{"latency":0.1,"source":"e1","destination":"h_1_8"},{"latency":0.1,"source":"e1","destination":"h_1_9"},{"latency":0.1,"source":"c","destination":"e2"},{"latency":0.1,"source":"e2","destination":"h_2_0"},{"latency":0.1,"source":"e2","destination":"h_2_1"},{"latency":0.1,"source":"e2","destination":"h_2_2"},{"latency":0.1,"source":"e2","destination":"h_2_3"},{"latency":0.1,"source":"e2","destination":"h_2_4"},{"latency":0.1,"source":"e2","destination":"h_2_5"},{"latency":0.1,"source":"e2","destination":"h_2_6"},{"latency":0.1,"source":"e2","destination":"h_2_7"},{"latency":0.1,"source":"e2","destination":"h_2_8"},{"latency":0.1,"source":"e2","destination":"h_2_9"},{"latency":0.1,"source":"c","destination":"e3"},{"latency":0.1,"source":"e3","destination":"h_3_0"},{"latency":0.1,"source":"e3","destination":"h_3_1"},{"latency":0.1,"source":"e3","destination":"h_3_2"},{"latency":0.1,"source":"e3","destination":"h_3_3"},{"latency":0.1,"source":"e3","destination":"h_3_4"},{"latency":0.1,"source":"e3","destination":"h_3_5"},{"latency":0.1,"source":"e3","destination":"h_3_6"},{"latency":0.1,"source":"e3","destination":"h_3_7"},{"latency":0.1,"source":"e3","destination":"h_3_8"},{"latency":0.1,"source":"e3","destination":"h_3_9"},{"latency":0.1,"source":"c","destination":"e4"},{"latency":0.1,"source":"e4","destination":"h_4_0"},{"latency":0.1,"source":"e4","destination":"h_4_1"},{"latency":0.1,"source":"e4","destination":"h_4_2"},{"latency":0.1,"source":"e4","destination":"h_4_3"},{"latency":0.1,"source":"e4","destination":"h_4_4"},{"latency":0.1,"source":"e4","destination":"h_4_5"},{"latency":0.1,"source":"e4","destination":"h_4_6"},{"latency":0.1,"source":"e4","destination":"h_4_7"},{"latency":0.1,"source":"e4","destination":"h_4_8"},{"latency":0.1,"source":"e4","destination":"h_4_9"},{"latency":0.1,"source":"c","destination":"e5"},{"latency":0.1,"source":"e5","destination":"h_5_0"},{"latency":0.1,"source":"e5","destination":"h_5_1"},{"latency":0.1,"source":"e5","destination":"h_5_2"},{"latency":0.1,"source":"e5","destination":"h_5_3"},{"latency":0.1,"source":"e5","destination":"h_5_4"},{"latency":0.1,"source":"e5","destination":"h_5_5"},{"latency":0.1,"source":"e5","destination":"h_5_6"},{"latency":0.1,"source":"e5","destination":"h_5_7"},{"latency":0.1,"source":"e5","destination":"h_5_8"},{"latency":0.1,"source":"e5","destination":"h_5_9"},{"latency":0.1,"source":"c","destination":"e6"},{"latency":0.1,"source":"e6","destination":"h_6_0"},{"latency":0.1,"source":"e6","destination":"h_6_1"},{"latency":0.1,"source":"e6","destination":"h_6_2"},{"latency":0.1,"source":"e6","destination":"h_6_3"},{"latency":0.1,"source":"e6","destination":"h_6_4"},{"latency":0.1,"source":"e6","destination":"h_6_5"},{"latency":0.1,"source":"e6","destination":"h_6_6"},{"latency":0.1,"source":"e6","destination":"h_6_7"},{"latency":0.1,"source":"e6","destination":"h_6_8"},{"latency":0.1,"source":"e6","destination":"h_6_9"},{"latency":0.1,"source":"c","destination":"e7"},{"latency":0.1,"source":"e7","destination":"h_7_0"},{"latency":0.1,"source":"e7","destination":"h_7_1"},{"latency":0.1,"source":"e7","destination":"h_7_2"},{"latency":0.1,"source":"e7","destination":"h_7_3"},{"latency":0.1,"source":"e7","destination":"h_7_4"},{"latency":0.1,"source":"e7","destination":"h_7_5"},{"latency":0.1,"source":"e7","destination":"h_7_6"},{"latency":0.1,"source":"e7","destination":"h_7_7"},{"latency":0.1,"source":"e7","destination":"h_7_8"},{"latency":0.1,"source":"e7","destination":"h_7_9"},{"latency":0.1,"source":"c","destination":"e8"},{"latency":0.1,"source":"e8","destination":"h_8_0"},{"latency":0.1,"source":"e8","destination":"h_8_1"},{"latency":0.1,"source":"e8","destination":"h_8_2"},{"latency":0.1,"source":"e8","destination":"h_8_3"},{"latency":0.1,"source":"e8","destination":"h_8_4"},{"latency":0.1,"source":"e8","destination":"h_8_5"},{"latency":0.1,"source":"e8","destination":"h_8_6"},{"latency":0.1,"source":"e8","destination":"h_8_7"},{"latency":0.1,"source":"e8","destination":"h_8_8"},{"latency":0.1,"source":"e8","destination":"h_8_9"},{"latency":0.1,"source":"c","destination":"e9"},{"latency":0.1,"source":"e9","destination":"h_9_0"},{"latency":0.1,"source":"e9","destination":"h_9_1"},{"latency":0.1,"source":"e9","destination":"h_9_2"},{"latency":0.1,"source":"e9","destination":"h_9_3"},{"latency":0.1,"source":"e9","destination":"h_9_4"},{"latency":0.1,"source":"e9","destination":"h_9_5"},{"latency":0.1,"source":"e9","destination":"h_9_6"},{"latency":0.1,"source":"e9","destination":"h_9_7"},{"latency":0.1,"source":"e9","destination":"h_9_8"},{"latency":0.1,"source":"e9", "destination":"h_9_9"}]}
