<?xml version="1.0" encoding="utf-8"?>
<NetworkTopo RleaseDate="27/01/2021 21:52:27" ICDVerison="BP2.3.1">
    <Switches>
        <Switch Name="edge1" Network="A" PortNum="4" Type="edge" Speed="10" IpAddress="10.31.42.3" Guid="a2e6640e-8d60-411a-977f-d09c5aab8d04" ExtGuid="125">
        </Switch>
        <Switch Name="core1" Network="A" PortNum="2" Type="core" Speed="10" IpAddress="10.31.42.3" Guid="a2e6640e-8d60-411a-977f-d09c5aab8d04" ExtGuid="125">
        </Switch>
        <Switch Name="edge2" Network="B" PortNum="4" Type="edge" Speed="10" IpAddress="10.31.42.3" Guid="a2e6640e-8d60-411a-977f-d09c5aab8d04" ExtGuid="125">
        </Switch>
        <Switch Name="core2" Network="B" PortNum="2" Type="core" Speed="10" IpAddress="10.31.42.3" Guid="a2e6640e-8d60-411a-977f-d09c5aab8d04" ExtGuid="125">
        </Switch>
        <Switch Name="edge3" Network="C" PortNum="4" Type="edge" Speed="10" IpAddress="10.31.42.3" Guid="a2e6640e-8d60-411a-977f-d09c5aab8d04" ExtGuid="125">
        </Switch>
        <Switch Name="core3" Network="C" PortNum="2" Type="core" Speed="10" IpAddress="10.31.42.3" Guid="a2e6640e-8d60-411a-977f-d09c5aab8d04" ExtGuid="125">
        </Switch>
        <Switch Name="edge4" Network="D" PortNum="4" Type="edge" Speed="10" IpAddress="10.31.42.3" Guid="a2e6640e-8d60-411a-977f-d09c5aab8d04" ExtGuid="125">
        </Switch>
        <Switch Name="core4" Network="D" PortNum="2" Type="core" Speed="10" IpAddress="10.31.42.3" Guid="a2e6640e-8d60-411a-977f-d09c5aab8d04" ExtGuid="125">
        </Switch>
    </Switches>

    <Links>
        <Link Name="LINK11" Src="edge1" Dst="host1" BW="10" Latency="0.001">
        </Link>
        <Link Name="LINK12" Src="edge1" Dst="host2" BW="10" Latency="0.001">
        </Link>
        <Link Name="LINK13" Src="core1" Dst="edge1" BW="10" Latency="0.001">
        </Link>
        <Link Name="LINK21" Src="edge2" Dst="host3" BW="10" Latency="0.001">
        </Link>
        <Link Name="LINK22" Src="edge2" Dst="host4" BW="10" Latency="0.001">
        </Link>
        <Link Name="LINK23" Src="core2" Dst="edge2" BW="10" Latency="0.001">
        </Link>
        <Link Name="LINK31" Src="edge3" Dst="host5" BW="10" Latency="0.001">
        </Link>
        <Link Name="LINK32" Src="edge3" Dst="host6" BW="10" Latency="0.001">
        </Link>
        <Link Name="LINK33" Src="core3" Dst="edge3" BW="10" Latency="0.001">
        </Link>
        <Link Name="LINK41" Src="edge4" Dst="host7" BW="10" Latency="0.001">
        </Link>
        <Link Name="LINK42" Src="edge4" Dst="host8" BW="10" Latency="0.001">
        </Link>
        <Link Name="LINK43" Src="core4" Dst="edge4" BW="10" Latency="0.001">
        </Link>
    </Links>

    <EndSystems>
        <EndSystem Name="GPM1" HwType="GPM" ATA="-1" EdeSubscriberIndex="-1" EquipmentPosition="-1" HwTableBankIndex="-1">
            <AesPhysPorts>
                <AesPhysPort Name="pio_A664_A" Speed="100" ACAddress="-1" Medium="-1" Network="A"/>
                <AesPhysPort Name="pio_A664_B" Speed="100" ACAddress="-1" Medium="-1" Network="B"/>
                <AesPhysPort Name="pio_A664_C" Speed="100" ACAddress="-1" Medium="-1" Network="C"/>
                <AesPhysPort Name="pio_A664_D" Speed="100" ACAddress="-1" Medium="-1" Network="D"/>
            </AesPhysPorts>
        </EndSystem>
    </EndSystems>

</NetworkTopo>
