<?xml version="1.0" encoding="UTF-8"?>
<adag xmlns:xsi="http://www.w3.org/2001/XMLSchema">
    <node name="host1" memory="2096000" storage="1363148800" cores="2" mips="30000" bandwidth="450" network="A"/>
    <node name="host2" memory="2096000" storage="1363148800" cores="2" mips="20000" bandwidth="250" network="A"/>
    <node name="host3" memory="2096000" storage="1363148800" cores="2" mips="25000" bandwidth="350" network="A"/>
    <node name="host4" memory="2096000" storage="1363148800" cores="2" mips="25000" bandwidth="350" network="A"/>
    <node name="host5" memory="2096000" storage="1363148800" cores="2" mips="25000" bandwidth="350" network="A"/>
    <node name="host6" memory="2096000" storage="1363148800" cores="2" mips="30000" bandwidth="450" network="A"/>
    <node name="host7" memory="2096000" storage="1363148800" cores="2" mips="20000" bandwidth="250" network="A"/>
    <node name="host8" memory="2096000" storage="1363148800" cores="2" mips="25000" bandwidth="350" network="A"/>
    <node name="host9" memory="2096000" storage="1363148800" cores="2" mips="25000" bandwidth="350" network="A"/>
    <node name="host10" memory="2096000" storage="1363148800" cores="2" mips="25000" bandwidth="350" network="A"/>
    <node name="host11" memory="2096000" storage="1363148800" cores="2" mips="30000" bandwidth="450" network="A"/>
    <node name="host12" memory="2096000" storage="1363148800" cores="2" mips="20000" bandwidth="250" network="A"/>
    <node name="host13" memory="2096000" storage="1363148800" cores="2" mips="25000" bandwidth="350" network="A"/>
    <node name="host14" memory="2096000" storage="1363148800" cores="2" mips="25000" bandwidth="350" network="A"/>
    <node name="host15" memory="2096000" storage="1363148800" cores="2" mips="25000" bandwidth="350" network="A"/>
    <node name="host16" memory="2096000" storage="1363148800" cores="2" mips="30000" bandwidth="450" network="A"/>
    <node name="host17" memory="2096000" storage="1363148800" cores="2" mips="20000" bandwidth="250" network="A"/>
    <node name="host18" memory="2096000" storage="1363148800" cores="2" mips="25000" bandwidth="350" network="A"/>
    <node name="host19" memory="2096000" storage="1363148800" cores="2" mips="25000" bandwidth="350" network="A"/>
    <node name="host20" memory="2096000" storage="1363148800" cores="2" mips="25000" bandwidth="350" network="A"/>
    <node name="host21" memory="2096000" storage="1363148800" cores="2" mips="30000" bandwidth="450" network="A"/>
    <node name="host22" memory="2096000" storage="1363148800" cores="2" mips="20000" bandwidth="250" network="A"/>
    <node name="host23" memory="2096000" storage="1363148800" cores="2" mips="25000" bandwidth="350" network="A"/>
    <node name="host24" memory="2096000" storage="1363148800" cores="2" mips="25000" bandwidth="350" network="A"/>
    <node name="host25" memory="2096000" storage="1363148800" cores="2" mips="25000" bandwidth="350" network="A"/>
    <node name="host26" memory="2096000" storage="1363148800" cores="2" mips="30000" bandwidth="450" network="A"/>
    <node name="host27" memory="2096000" storage="1363148800" cores="2" mips="20000" bandwidth="250" network="A"/>
    <node name="host28" memory="2096000" storage="1363148800" cores="2" mips="25000" bandwidth="350" network="A"/>
    <node name="host29" memory="2096000" storage="1363148800" cores="2" mips="25000" bandwidth="350" network="A"/>
    <node name="host30" memory="2096000" storage="1363148800" cores="2" mips="25000" bandwidth="350" network="A"/>
    <node name="host31" memory="2096000" storage="1363148800" cores="2" mips="30000" bandwidth="450" network="A"/>
    <node name="host32" memory="2096000" storage="1363148800" cores="2" mips="20000" bandwidth="250" network="A"/>
    <node name="host33" memory="2096000" storage="1363148800" cores="2" mips="25000" bandwidth="350" network="A"/>
    <node name="host34" memory="2096000" storage="1363148800" cores="2" mips="25000" bandwidth="350" network="A"/>
    <node name="host35" memory="2096000" storage="1363148800" cores="2" mips="25000" bandwidth="350" network="A"/>
    <node name="host36" memory="2096000" storage="1363148800" cores="2" mips="30000" bandwidth="450" network="A"/>
    <node name="host37" memory="2096000" storage="1363148800" cores="2" mips="20000" bandwidth="250" network="A"/>
    <node name="host38" memory="2096000" storage="1363148800" cores="2" mips="25000" bandwidth="350" network="A"/>
    <node name="host39" memory="2096000" storage="1363148800" cores="2" mips="25000" bandwidth="350" network="A"/>
    <node name="host40" memory="2096000" storage="1363148800" cores="2" mips="25000" bandwidth="350" network="A"/>
    <node name="host41" memory="2096000" storage="1363148800" cores="2" mips="30000" bandwidth="450" network="A"/>
    <node name="host42" memory="2096000" storage="1363148800" cores="2" mips="20000" bandwidth="250" network="A"/>
    <node name="host43" memory="2096000" storage="1363148800" cores="2" mips="25000" bandwidth="350" network="A"/>
    <node name="host44" memory="2096000" storage="1363148800" cores="2" mips="25000" bandwidth="350" network="A"/>
    <node name="host45" memory="2096000" storage="1363148800" cores="2" mips="25000" bandwidth="350" network="A"/>
    <node name="host46" memory="2096000" storage="1363148800" cores="2" mips="30000" bandwidth="450" network="A"/>
    <node name="host47" memory="2096000" storage="1363148800" cores="2" mips="20000" bandwidth="250" network="A"/>
    <node name="host48" memory="2096000" storage="1363148800" cores="2" mips="25000" bandwidth="350" network="A"/>
    <node name="host49" memory="2096000" storage="1363148800" cores="2" mips="25000" bandwidth="350" network="A"/>
    <node name="host50" memory="2096000" storage="1363148800" cores="2" mips="25000" bandwidth="350" network="A"/>
    <node name="host51" memory="2096000" storage="1363148800" cores="2" mips="30000" bandwidth="450" network="A"/>
    <node name="host52" memory="2096000" storage="1363148800" cores="2" mips="20000" bandwidth="250" network="A"/>
    <node name="host53" memory="2096000" storage="1363148800" cores="2" mips="25000" bandwidth="350" network="A"/>
    <node name="host54" memory="2096000" storage="1363148800" cores="2" mips="25000" bandwidth="350" network="A"/>
    <node name="host55" memory="2096000" storage="1363148800" cores="2" mips="25000" bandwidth="350" network="A"/>
    <node name="host56" memory="2096000" storage="1363148800" cores="2" mips="30000" bandwidth="450" network="A"/>
    <node name="host57" memory="2096000" storage="1363148800" cores="2" mips="20000" bandwidth="250" network="A"/>
    <node name="host58" memory="2096000" storage="1363148800" cores="2" mips="25000" bandwidth="350" network="A"/>
    <node name="host59" memory="2096000" storage="1363148800" cores="2" mips="25000" bandwidth="350" network="A"/>
    <node name="host60" memory="2096000" storage="1363148800" cores="2" mips="25000" bandwidth="350" network="A"/>
    <node name="host61" memory="2096000" storage="1363148800" cores="2" mips="30000" bandwidth="450" network="A"/>
    <node name="host62" memory="2096000" storage="1363148800" cores="2" mips="20000" bandwidth="250" network="A"/>
    <node name="host63" memory="2096000" storage="1363148800" cores="2" mips="25000" bandwidth="350" network="A"/>
    <node name="host64" memory="2096000" storage="1363148800" cores="2" mips="25000" bandwidth="350" network="A"/>
</adag>
