<?xml version="1.0" encoding="UTF-8"?>
<!-- generated: 2008-09-24T14:28:09-07:00 -->
<!-- generated by: shishir [??] -->
<adag xmlns="http://pegasus.isi.edu/schema/DAX" xmlns:xsi="http://www.w3.org/2001/XMLSchema-instance" xsi:schemaLocation="http://pegasus.isi.edu/schema/DAX http://pegasus.isi.edu/schema/dax-2.1.xsd" version="2.1" count="1" index="0" name="test" jobCount="25" fileCount="0" childCount="20">
<!-- part 1: list of all referenced files (may be empty) -->
<!-- part 2: definition of all jobs (at least one) -->
  <job id="0" namespace="Montage" name="mProjectPP" version="1.0" runtime="13.39">
    <uses file="region.hdr" link="input" register="true" transfer="true" optional="false" type="data" size="304"/>
    <uses file="2mass-atlas-ID00000s-jID00000.fits" link="input" register="true" transfer="true" optional="false" type="data" size="4222080"/>
    <uses file="p2mass-atlas-ID00000s-jID00000.fits" link="output" register="true" transfer="true" optional="false" type="data" size="4167312"/>
    <uses file="p2mass-atlas-ID00000s-jID00000_area.fits" link="output" register="true" transfer="true" optional="false" type="data" size="4167312"/>
  </job>
  <job id="1" namespace="Montage" name="mProjectPP" version="1.0" runtime="13.83">
    <uses file="region.hdr" link="input" register="true" transfer="true" optional="false" type="data" size="304"/>
    <uses file="2mass-atlas-ID00001s-jID00001.fits" link="input" register="true" transfer="true" optional="false" type="data" size="4222080"/>
    <uses file="p2mass-atlas-ID00001s-jID00001.fits" link="output" register="true" transfer="true" optional="false" type="data" size="4171851"/>
    <uses file="p2mass-atlas-ID00001s-jID00001_area.fits" link="output" register="true" transfer="true" optional="false" type="data" size="4171851"/>
  </job>
  <job id="2" namespace="Montage" name="mProjectPP" version="1.0" runtime="13.36">
    <uses file="region.hdr" link="input" register="true" transfer="true" optional="false" type="data" size="304"/>
    <uses file="2mass-atlas-ID00002s-jID00002.fits" link="input" register="true" transfer="true" optional="false" type="data" size="4222080"/>
    <uses file="p2mass-atlas-ID00002s-jID00002.fits" link="output" register="true" transfer="true" optional="false" type="data" size="4157122"/>
    <uses file="p2mass-atlas-ID00002s-jID00002_area.fits" link="output" register="true" transfer="true" optional="false" type="data" size="4157122"/>
  </job>
  <job id="3" namespace="Montage" name="mProjectPP" version="1.0" runtime="13.60">
    <uses file="region.hdr" link="input" register="true" transfer="true" optional="false" type="data" size="304"/>
    <uses file="2mass-atlas-ID00003s-jID00003.fits" link="input" register="true" transfer="true" optional="false" type="data" size="4222080"/>
    <uses file="p2mass-atlas-ID00003s-jID00003.fits" link="output" register="true" transfer="true" optional="false" type="data" size="4174004"/>
    <uses file="p2mass-atlas-ID00003s-jID00003_area.fits" link="output" register="true" transfer="true" optional="false" type="data" size="4174004"/>
  </job>
  <job id="4" namespace="Montage" name="mProjectPP" version="1.0" runtime="13.78">
    <uses file="region.hdr" link="input" register="true" transfer="true" optional="false" type="data" size="304"/>
    <uses file="2mass-atlas-ID00004s-jID00004.fits" link="input" register="true" transfer="true" optional="false" type="data" size="4222080"/>
    <uses file="p2mass-atlas-ID00004s-jID00004.fits" link="output" register="true" transfer="true" optional="false" type="data" size="4153521"/>
    <uses file="p2mass-atlas-ID00004s-jID00004_area.fits" link="output" register="true" transfer="true" optional="false" type="data" size="4153521"/>
  </job>
  <job id="5" namespace="Montage" name="mDiffFit" version="1.0" runtime="10.59">
    
  </job>
  <job id="6" namespace="Montage" name="mDiffFit" version="1.0" runtime="10.59">
    
  </job>
  <job id="7" namespace="Montage" name="mDiffFit" version="1.0" runtime="10.88">
    
  </job>
  <job id="8" namespace="Montage" name="mDiffFit" version="1.0" runtime="10.81">
    
  </job>
  <job id="9" namespace="Montage" name="mDiffFit" version="1.0" runtime="10.49">
    
  </job>
  <job id="10" namespace="Montage" name="mDiffFit" version="1.0" runtime="10.51">
   
  </job>
  <job id="11" namespace="Montage" name="mDiffFit" version="1.0" runtime="10.51">
    
  </job>
  <job id="12" namespace="Montage" name="mDiffFit" version="1.0" runtime="10.62">
   
  </job>
  <job id="13" namespace="Montage" name="mDiffFit" version="1.0" runtime="10.37">
    
  </job>
  <job id="14" namespace="Montage" name="mConcatFit" version="1.0" runtime="0.72">
    
  </job>
  <job id="15" namespace="Montage" name="mBgModel" version="1.0" runtime="1.42">
   
  </job>
  <job id="16" namespace="Montage" name="mBackground" version="1.0" runtime="10.39">
   
  </job>
  <job id="17" namespace="Montage" name="mBackground" version="1.0" runtime="10.64">
  
  </job>
  <job id="18" namespace="Montage" name="mBackground" version="1.0" runtime="10.83">
   
  </job>
  <job id="19" namespace="Montage" name="mBackground" version="1.0" runtime="10.93">
   
  </job>
  <job id="20" namespace="Montage" name="mBackground" version="1.0" runtime="10.76">
   
  </job>
  <job id="21" namespace="Montage" name="mImgTbl" version="1.0" runtime="1.39">

  </job>
  <job id="22" namespace="Montage" name="mAdd" version="1.0" runtime="3.03">
   
  </job>
  <job id="23" namespace="Montage" name="mShrink" version="1.0" runtime="3.86">
    
  </job>
  <job id="24" namespace="Montage" name="mJPEG" version="1.0" runtime="0.45">
   
  </job>
<!-- part 3: list of control-flow dependencies (may be empty) -->
</adag>
