<?xml version="1.0" encoding="UTF-8"?>
<!-- generated: 2008-09-24T14:28:09-07:00 -->
<!-- generated by: shishir [??] -->
<adag xmlns="http://pegasus.isi.edu/schema/DAX" xmlns:xsi="http://www.w3.org/2001/XMLSchema-instance" xsi:schemaLocation="http://pegasus.isi.edu/schema/DAX http://pegasus.isi.edu/schema/dax-2.1.xsd" version="2.1" count="1" index="0" name="test" jobCount="25" fileCount="0" childCount="20">
<!-- part 1: list of all referenced files (may be empty) -->
<!-- part 2: definition of all jobs (at least one) -->
  <job id="0" namespace="Montage" name="mProjectPP" version="1.0" runtime="13.39">
    <uses file="region.hdr" link="input" register="true" transfer="true" optional="false" type="data" size="304"/>
    <uses file="2mass-atlas-ID00000s-jID00000.fits" link="input" register="true" transfer="true" optional="false" type="data" size="4222080"/>
    <uses file="p2mass-atlas-ID00000s-jID00000.fits" link="output" register="true" transfer="true" optional="false" type="data" size="4167312"/>
    <uses file="p2mass-atlas-ID00000s-jID00000_area.fits" link="output" register="true" transfer="true" optional="false" type="data" size="4167312"/>
  </job>
  <job id="1" namespace="Montage" name="mProjectPP" version="1.0" runtime="13.83">
    <uses file="region.hdr" link="input" register="true" transfer="true" optional="false" type="data" size="304"/>
    <uses file="2mass-atlas-ID00001s-jID00001.fits" link="input" register="true" transfer="true" optional="false" type="data" size="4222080"/>
    <uses file="p2mass-atlas-ID00001s-jID00001.fits" link="output" register="true" transfer="true" optional="false" type="data" size="4171851"/>
    <uses file="p2mass-atlas-ID00001s-jID00001_area.fits" link="output" register="true" transfer="true" optional="false" type="data" size="4171851"/>
  </job>
  <job id="2" namespace="Montage" name="mProjectPP" version="1.0" runtime="13.36">
    <uses file="region.hdr" link="input" register="true" transfer="true" optional="false" type="data" size="304"/>
    <uses file="2mass-atlas-ID00002s-jID00002.fits" link="input" register="true" transfer="true" optional="false" type="data" size="4222080"/>
    <uses file="p2mass-atlas-ID00002s-jID00002.fits" link="output" register="true" transfer="true" optional="false" type="data" size="4157122"/>
    <uses file="p2mass-atlas-ID00002s-jID00002_area.fits" link="output" register="true" transfer="true" optional="false" type="data" size="4157122"/>
  </job>
  <job id="3" namespace="Montage" name="mProjectPP" version="1.0" runtime="13.60">
    <uses file="region.hdr" link="input" register="true" transfer="true" optional="false" type="data" size="304"/>
    <uses file="2mass-atlas-ID00003s-jID00003.fits" link="input" register="true" transfer="true" optional="false" type="data" size="4222080"/>
    <uses file="p2mass-atlas-ID00003s-jID00003.fits" link="output" register="true" transfer="true" optional="false" type="data" size="4174004"/>
    <uses file="p2mass-atlas-ID00003s-jID00003_area.fits" link="output" register="true" transfer="true" optional="false" type="data" size="4174004"/>
  </job>
  <job id="4" namespace="Montage" name="mProjectPP" version="1.0" runtime="13.78">
    <uses file="region.hdr" link="input" register="true" transfer="true" optional="false" type="data" size="304"/>
    <uses file="2mass-atlas-ID00004s-jID00004.fits" link="input" register="true" transfer="true" optional="false" type="data" size="4222080"/>
    <uses file="p2mass-atlas-ID00004s-jID00004.fits" link="output" register="true" transfer="true" optional="false" type="data" size="4153521"/>
    <uses file="p2mass-atlas-ID00004s-jID00004_area.fits" link="output" register="true" transfer="true" optional="false" type="data" size="4153521"/>
  </job>
  <job id="5" namespace="Montage" name="mDiffFit" version="1.0" runtime="10.59">
    <uses file="region.hdr" link="input" register="true" transfer="true" optional="false" type="data" size="304"/>
    <uses file="p2mass-atlas-ID00000s-jID00000.fits" link="input" register="true" transfer="true" optional="false" type="data" size="4167312"/>
    <uses file="p2mass-atlas-ID00000s-jID00000_area.fits" link="input" register="true" transfer="true" optional="false" type="data" size="4167312"/>
    <uses file="p2mass-atlas-ID00001s-jID00001.fits" link="input" register="true" transfer="true" optional="false" type="data" size="4171851"/>
    <uses file="p2mass-atlas-ID00001s-jID00001_area.fits" link="input" register="true" transfer="true" optional="false" type="data" size="4171851"/>
    <uses file="fit.txt" link="output" register="true" transfer="true" optional="false" type="data" size="272"/>
    <uses file="diff.txt" link="output" register="true" transfer="true" optional="false" type="data" size="408404"/>
  </job>
  <job id="6" namespace="Montage" name="mDiffFit" version="1.0" runtime="10.59">
    <uses file="region.hdr" link="input" register="true" transfer="true" optional="false" type="data" size="304"/>
    <uses file="p2mass-atlas-ID00001s-jID00001.fits" link="input" register="true" transfer="true" optional="false" type="data" size="4185623"/>
    <uses file="p2mass-atlas-ID00001s-jID00001_area.fits" link="input" register="true" transfer="true" optional="false" type="data" size="4185623"/>
    <uses file="p2mass-atlas-ID00000s-jID00000.fits" link="input" register="true" transfer="true" optional="false" type="data" size="4181449"/>
    <uses file="p2mass-atlas-ID00000s-jID00000_area.fits" link="input" register="true" transfer="true" optional="false" type="data" size="4181449"/>
    <uses file="fit.txt" link="output" register="true" transfer="true" optional="false" type="data" size="282"/>
    <uses file="diff.txt" link="output" register="true" transfer="true" optional="false" type="data" size="314191"/>
  </job>
  <job id="7" namespace="Montage" name="mDiffFit" version="1.0" runtime="10.88">
    <uses file="region.hdr" link="input" register="true" transfer="true" optional="false" type="data" size="304"/>
    <uses file="p2mass-atlas-ID00001s-jID00001.fits" link="input" register="true" transfer="true" optional="false" type="data" size="4155530"/>
    <uses file="p2mass-atlas-ID00001s-jID00001_area.fits" link="input" register="true" transfer="true" optional="false" type="data" size="4155530"/>
    <uses file="p2mass-atlas-ID00003s-jID00003.fits" link="input" register="true" transfer="true" optional="false" type="data" size="4174004"/>
    <uses file="p2mass-atlas-ID00003s-jID00003_area.fits" link="input" register="true" transfer="true" optional="false" type="data" size="4174004"/>
    <uses file="fit.txt" link="output" register="true" transfer="true" optional="false" type="data" size="287"/>
    <uses file="diff.txt" link="output" register="true" transfer="true" optional="false" type="data" size="228602"/>
  </job>
  <job id="8" namespace="Montage" name="mDiffFit" version="1.0" runtime="10.81">
    <uses file="region.hdr" link="input" register="true" transfer="true" optional="false" type="data" size="304"/>
    <uses file="p2mass-atlas-ID00002s-jID00002.fits" link="input" register="true" transfer="true" optional="false" type="data" size="4157122"/>
    <uses file="p2mass-atlas-ID00002s-jID00002_area.fits" link="input" register="true" transfer="true" optional="false" type="data" size="4157122"/>
    <uses file="p2mass-atlas-ID00000s-jID00000.fits" link="input" register="true" transfer="true" optional="false" type="data" size="4143677"/>
    <uses file="p2mass-atlas-ID00000s-jID00000_area.fits" link="input" register="true" transfer="true" optional="false" type="data" size="4143677"/>
    <uses file="fit.txt" link="output" register="true" transfer="true" optional="false" type="data" size="272"/>
    <uses file="diff.txt" link="output" register="true" transfer="true" optional="false" type="data" size="176356"/>
  </job>
  <job id="9" namespace="Montage" name="mDiffFit" version="1.0" runtime="10.49">
    <uses file="region.hdr" link="input" register="true" transfer="true" optional="false" type="data" size="304"/>
    <uses file="p2mass-atlas-ID00002s-jID00002.fits" link="input" register="true" transfer="true" optional="false" type="data" size="4149806"/>
    <uses file="p2mass-atlas-ID00002s-jID00002_area.fits" link="input" register="true" transfer="true" optional="false" type="data" size="4149806"/>
    <uses file="p2mass-atlas-ID00001s-jID00001.fits" link="input" register="true" transfer="true" optional="false" type="data" size="4150602"/>
    <uses file="p2mass-atlas-ID00001s-jID00001_area.fits" link="input" register="true" transfer="true" optional="false" type="data" size="4150602"/>
    <uses file="fit.txt" link="output" register="true" transfer="true" optional="false" type="data" size="262"/>
    <uses file="diff.txt" link="output" register="true" transfer="true" optional="false" type="data" size="233476"/>
  </job>
  <job id="10" namespace="Montage" name="mDiffFit" version="1.0" runtime="10.51">
    <uses file="region.hdr" link="input" register="true" transfer="true" optional="false" type="data" size="304"/>
    <uses file="p2mass-atlas-ID00002s-jID00002.fits" link="input" register="true" transfer="true" optional="false" type="data" size="4152397"/>
    <uses file="p2mass-atlas-ID00002s-jID00002_area.fits" link="input" register="true" transfer="true" optional="false" type="data" size="4152397"/>
    <uses file="fit.txt" link="output" register="true" transfer="true" optional="false" type="data" size="267"/>
    <uses file="diff.txt" link="output" register="true" transfer="true" optional="false" type="data" size="251206"/>
  </job>
  <job id="11" namespace="Montage" name="mDiffFit" version="1.0" runtime="10.51">
    <uses file="region.hdr" link="input" register="true" transfer="true" optional="false" type="data" size="304"/>
    <uses file="p2mass-atlas-ID00003s-jID00003.fits" link="input" register="true" transfer="true" optional="false" type="data" size="4173072"/>
    <uses file="p2mass-atlas-ID00003s-jID00003_area.fits" link="input" register="true" transfer="true" optional="false" type="data" size="4173072"/>
    <uses file="p2mass-atlas-ID00001s-jID00001.fits" link="input" register="true" transfer="true" optional="false" type="data" size="4170398"/>
    <uses file="p2mass-atlas-ID00001s-jID00001_area.fits" link="input" register="true" transfer="true" optional="false" type="data" size="4170398"/>
    <uses file="fit.txt" link="output" register="true" transfer="true" optional="false" type="data" size="274"/>
    <uses file="diff.txt" link="output" register="true" transfer="true" optional="false" type="data" size="271248"/>
  </job>
  <job id="12" namespace="Montage" name="mDiffFit" version="1.0" runtime="10.62">
    <uses file="region.hdr" link="input" register="true" transfer="true" optional="false" type="data" size="304"/>
    <uses file="p2mass-atlas-ID00004s-jID00004.fits" link="input" register="true" transfer="true" optional="false" type="data" size="4153521"/>
    <uses file="p2mass-atlas-ID00004s-jID00004_area.fits" link="input" register="true" transfer="true" optional="false" type="data" size="4153521"/>
    <uses file="p2mass-atlas-ID00001s-jID00001.fits" link="input" register="true" transfer="true" optional="false" type="data" size="4155664"/>
    <uses file="p2mass-atlas-ID00001s-jID00001_area.fits" link="input" register="true" transfer="true" optional="false" type="data" size="4155664"/>
    <uses file="fit.txt" link="output" register="true" transfer="true" optional="false" type="data" size="271"/>
    <uses file="diff.txt" link="output" register="true" transfer="true" optional="false" type="data" size="313128"/>
  </job>
  <job id="13" namespace="Montage" name="mDiffFit" version="1.0" runtime="10.37">
    <uses file="region.hdr" link="input" register="true" transfer="true" optional="false" type="data" size="304"/>
    <uses file="p2mass-atlas-ID00004s-jID00004.fits" link="input" register="true" transfer="true" optional="false" type="data" size="4141389"/>
    <uses file="p2mass-atlas-ID00004s-jID00004_area.fits" link="input" register="true" transfer="true" optional="false" type="data" size="4141389"/>
    <uses file="p2mass-atlas-ID00003s-jID00003.fits" link="input" register="true" transfer="true" optional="false" type="data" size="4163196"/>
    <uses file="p2mass-atlas-ID00003s-jID00003_area.fits" link="input" register="true" transfer="true" optional="false" type="data" size="4163196"/>
    <uses file="fit.txt" link="output" register="true" transfer="true" optional="false" type="data" size="297"/>
    <uses file="diff.txt" link="output" register="true" transfer="true" optional="false" type="data" size="297231"/>
  </job>
  <job id="14" namespace="Montage" name="mConcatFit" version="1.0" runtime="0.72">
    <uses file="fits_list.tbl" link="input" register="true" transfer="true" optional="false" type="data" size="245"/>
    <uses file="fit.txt" link="input" register="true" transfer="true" optional="false" type="data" size="272"/>
    <uses file="diff.txt" link="input" register="true" transfer="true" optional="false" type="data" size="408404"/>
    <uses file="fits.tbl" link="output" register="true" transfer="true" optional="false" type="data" size="1889"/>
  </job>
  <job id="15" namespace="Montage" name="mBgModel" version="1.0" runtime="1.42">
    <uses file="pimages.tbl" link="input" register="true" transfer="true" optional="false" type="data" size="837"/>
    <uses file="fits.tbl" link="input" register="true" transfer="true" optional="false" type="data" size="1889"/>
    <uses file="corrections.tbl" link="output" register="true" transfer="true" optional="false" type="data" size="265"/>
  </job>
  <job id="16" namespace="Montage" name="mBackground" version="1.0" runtime="10.39">
    <uses file="corrections.tbl" link="input" register="true" transfer="true" optional="false" type="data" size="265"/>
    <uses file="p2mass-atlas-ID00000s-jID00000.fits" link="input" register="true" transfer="true" optional="false" type="data" size="4163084"/>
    <uses file="p2mass-atlas-ID00000s-jID00000_area.fits" link="input" register="true" transfer="true" optional="false" type="data" size="4163084"/>
    <uses file="c2mass-atlas-ID00000s-jID00000_area.fits" link="output" register="true" transfer="true" optional="false" type="data" size="4163084"/>
    <uses file="c2mass-atlas-ID00000s-jID00000.fits" link="output" register="true" transfer="true" optional="false" type="data" size="4163084"/>
  </job>
  <job id="17" namespace="Montage" name="mBackground" version="1.0" runtime="10.64">
    <uses file="corrections.tbl" link="input" register="true" transfer="true" optional="false" type="data" size="265"/>
    <uses file="p2mass-atlas-ID00001s-jID00001.fits" link="input" register="true" transfer="true" optional="false" type="data" size="4161831"/>
    <uses file="p2mass-atlas-ID00001s-jID00001_area.fits" link="input" register="true" transfer="true" optional="false" type="data" size="4161831"/>
    <uses file="c2mass-atlas-ID00001s-jID00001_area.fits" link="output" register="true" transfer="true" optional="false" type="data" size="4161831"/>
    <uses file="c2mass-atlas-ID00001s-jID00001.fits" link="output" register="true" transfer="true" optional="false" type="data" size="4161831"/>
  </job>
  <job id="18" namespace="Montage" name="mBackground" version="1.0" runtime="10.83">
    <uses file="corrections.tbl" link="input" register="true" transfer="true" optional="false" type="data" size="265"/>
    <uses file="p2mass-atlas-ID00002s-jID00002.fits" link="input" register="true" transfer="true" optional="false" type="data" size="4182323"/>
    <uses file="p2mass-atlas-ID00002s-jID00002_area.fits" link="input" register="true" transfer="true" optional="false" type="data" size="4182323"/>
    <uses file="c2mass-atlas-ID00002s-jID00002_area.fits" link="output" register="true" transfer="true" optional="false" type="data" size="4182323"/>
    <uses file="c2mass-atlas-ID00002s-jID00002.fits" link="output" register="true" transfer="true" optional="false" type="data" size="4182323"/>
  </job>
  <job id="19" namespace="Montage" name="mBackground" version="1.0" runtime="10.93">
    <uses file="corrections.tbl" link="input" register="true" transfer="true" optional="false" type="data" size="265"/>
    <uses file="p2mass-atlas-ID00003s-jID00003.fits" link="input" register="true" transfer="true" optional="false" type="data" size="4170858"/>
    <uses file="p2mass-atlas-ID00003s-jID00003_area.fits" link="input" register="true" transfer="true" optional="false" type="data" size="4170858"/>
    <uses file="c2mass-atlas-ID00003s-jID00003.fits" link="output" register="true" transfer="true" optional="false" type="data" size="4170858"/>
    <uses file="c2mass-atlas-ID00003s-jID00003_area.fits" link="output" register="true" transfer="true" optional="false" type="data" size="4170858"/>
  </job>
  <job id="20" namespace="Montage" name="mBackground" version="1.0" runtime="10.76">
    <uses file="corrections.tbl" link="input" register="true" transfer="true" optional="false" type="data" size="265"/>
    <uses file="p2mass-atlas-ID00004s-jID00004.fits" link="input" register="true" transfer="true" optional="false" type="data" size="4157647"/>
    <uses file="p2mass-atlas-ID00004s-jID00004_area.fits" link="input" register="true" transfer="true" optional="false" type="data" size="4157647"/>
    <uses file="c2mass-atlas-ID00004s-jID00004.fits" link="output" register="true" transfer="true" optional="false" type="data" size="4157647"/>
    <uses file="c2mass-atlas-ID00004s-jID00004_area.fits" link="output" register="true" transfer="true" optional="false" type="data" size="4157647"/>
  </job>
  <job id="21" namespace="Montage" name="mImgTbl" version="1.0" runtime="1.39">
    <uses file="cimages.tbl" link="input" register="true" transfer="true" optional="false" type="data" size="837"/>
    <uses file="c2mass-atlas-ID00000s-jID00000_area.fits" link="input" register="true" transfer="true" optional="false" type="data" size="4163084"/>
    <uses file="c2mass-atlas-ID00000s-jID00000.fits" link="input" register="true" transfer="true" optional="false" type="data" size="4163084"/>
    <uses file="c2mass-atlas-ID00001s-jID00001_area.fits" link="input" register="true" transfer="true" optional="false" type="data" size="4161831"/>
    <uses file="c2mass-atlas-ID00001s-jID00001.fits" link="input" register="true" transfer="true" optional="false" type="data" size="4161831"/>
    <uses file="c2mass-atlas-ID00002s-jID00002_area.fits" link="input" register="true" transfer="true" optional="false" type="data" size="4182323"/>
    <uses file="c2mass-atlas-ID00002s-jID00002.fits" link="input" register="true" transfer="true" optional="false" type="data" size="4182323"/>
    <uses file="c2mass-atlas-ID00003s-jID00003.fits" link="input" register="true" transfer="true" optional="false" type="data" size="4170858"/>
    <uses file="c2mass-atlas-ID00003s-jID00003_area.fits" link="input" register="true" transfer="true" optional="false" type="data" size="4170858"/>
    <uses file="c2mass-atlas-ID00004s-jID00004.fits" link="input" register="true" transfer="true" optional="false" type="data" size="4157647"/>
    <uses file="c2mass-atlas-ID00004s-jID00004_area.fits" link="input" register="true" transfer="true" optional="false" type="data" size="4157647"/>
    <uses file="newcimages.tbl" link="output" register="true" transfer="true" optional="false" type="data" size="1599"/>
  </job>
  <job id="22" namespace="Montage" name="mAdd" version="1.0" runtime="3.03">
    <uses file="region.hdr" link="input" register="true" transfer="true" optional="false" type="data" size="304"/>
    <uses file="newcimages.tbl" link="input" register="true" transfer="true" optional="false" type="data" size="1599"/>
    <uses file="mosaic_ID00022_ID00022.fits" link="output" register="true" transfer="true" optional="false" type="data" size="46509614"/>
    <uses file="mosaic_ID00022_ID00022_area.fits" link="output" register="true" transfer="true" optional="false" type="data" size="46509614"/>
  </job>
  <job id="23" namespace="Montage" name="mShrink" version="1.0" runtime="3.86">
    <uses file="mosaic_ID00022_ID00022.fits" link="input" register="true" transfer="true" optional="false" type="data" size="46509614"/>
    <uses file="mosaic_ID00022_ID00022_area.fits" link="input" register="true" transfer="true" optional="false" type="data" size="46509614"/>
    <uses file="shrunken_ID00023_ID00023.fits" link="output" register="true" transfer="true" optional="false" type="data" size="1861129"/>
  </job>
  <job id="24" namespace="Montage" name="mJPEG" version="1.0" runtime="0.45">
    <uses file="shrunken_ID00023_ID00023.fits" link="input" register="true" transfer="true" optional="false" type="data" size="1861129"/>
    <uses file="shrunken_ID00023_ID00023.jpg" link="output" register="true" transfer="true" optional="false" type="data" size="204856"/>
  </job>
<!-- part 3: list of control-flow dependencies (may be empty) -->
  <child ref="5">
    <parent ref="1"/>
    <parent ref="0"/>
  </child>
  <child ref="6">
    <parent ref="1"/>
    <parent ref="0"/>
  </child>
  <child ref="7">
    <parent ref="1"/>
    <parent ref="3"/>
  </child>
  <child ref="8">
    <parent ref="2"/>
    <parent ref="0"/>
  </child>
  <child ref="9">
    <parent ref="2"/>
    <parent ref="1"/>
  </child>
  <child ref="10">
    <parent ref="2"/>
  </child>
  <child ref="11">
    <parent ref="1"/>
    <parent ref="3"/>
  </child>
  <child ref="12">
    <parent ref="1"/>
    <parent ref="4"/>
  </child>
  <child ref="13">
    <parent ref="4"/>
    <parent ref="3"/>
  </child>
  <child ref="14">
    <parent ref="12"/>
    <parent ref="13"/>
    <parent ref="10"/>
    <parent ref="11"/>
    <parent ref="6"/>
    <parent ref="5"/>
    <parent ref="9"/>
    <parent ref="8"/>
    <parent ref="7"/>
  </child>
  <child ref="15">
    <parent ref="14"/>
  </child>
  <child ref="16">
    <parent ref="0"/>
    <parent ref="15"/>
  </child>
  <child ref="17">
    <parent ref="1"/>
    <parent ref="15"/>
  </child>
  <child ref="18">
    <parent ref="2"/>
    <parent ref="15"/>
  </child>
  <child ref="19">
    <parent ref="3"/>
    <parent ref="15"/>
  </child>
  <child ref="20">
    <parent ref="4"/>
    <parent ref="15"/>
  </child>
  <child ref="21">
    <parent ref="20"/>
    <parent ref="16"/>
    <parent ref="17"/>
    <parent ref="18"/>
    <parent ref="19"/>
  </child>
  <child ref="22">
    <parent ref="21"/>
  </child>
  <child ref="23">
    <parent ref="22"/>
  </child>
  <child ref="24">
    <parent ref="23"/>
  </child>
</adag>
