<?xml version="1.0" encoding="UTF-8"?>
<!-- generated: 2008-09-24T14:28:18-07:00 -->
<!-- generated by: shishir [??] -->
<adag xmlns="http://pegasus.isi.edu/schema/DAX" xmlns:xsi="http://www.w3.org/2001/XMLSchema-instance" xsi:schemaLocation="http://pegasus.isi.edu/schema/DAX http://pegasus.isi.edu/schema/dax-2.1.xsd" version="2.1" count="1" index="0" name="test" jobCount="50" fileCount="0" childCount="42">
<!-- part 1: list of all referenced files (may be empty) -->
<!-- part 2: definition of all jobs (at least one) -->
  <job id="0" namespace="Montage" name="mProjectPP" version="1.0" runtime="13.08">
    <uses file="region.hdr" link="input" register="true" transfer="true" optional="false" type="data" size="304"/>
    <uses file="2mass-atlas-ID00000s-jID00000.fits" link="input" register="true" transfer="true" optional="false" type="data" size="4222080"/>
    <uses file="p2mass-atlas-ID00000s-jID00000.fits" link="output" register="true" transfer="true" optional="false" type="data" size="4161238"/>
    <uses file="p2mass-atlas-ID00000s-jID00000_area.fits" link="output" register="true" transfer="true" optional="false" type="data" size="4161238"/>
  </job>
  <job id="1" namespace="Montage" name="mProjectPP" version="1.0" runtime="13.48">
    <uses file="region.hdr" link="input" register="true" transfer="true" optional="false" type="data" size="304"/>
    <uses file="2mass-atlas-ID00001s-jID00001.fits" link="input" register="true" transfer="true" optional="false" type="data" size="4222080"/>
    <uses file="p2mass-atlas-ID00001s-jID00001.fits" link="output" register="true" transfer="true" optional="false" type="data" size="4154331"/>
    <uses file="p2mass-atlas-ID00001s-jID00001_area.fits" link="output" register="true" transfer="true" optional="false" type="data" size="4154331"/>
  </job>
  <job id="2" namespace="Montage" name="mProjectPP" version="1.0" runtime="13.55">
    <uses file="region.hdr" link="input" register="true" transfer="true" optional="false" type="data" size="304"/>
    <uses file="2mass-atlas-ID00002s-jID00002.fits" link="input" register="true" transfer="true" optional="false" type="data" size="4222080"/>
    <uses file="p2mass-atlas-ID00002s-jID00002.fits" link="output" register="true" transfer="true" optional="false" type="data" size="4146522"/>
    <uses file="p2mass-atlas-ID00002s-jID00002_area.fits" link="output" register="true" transfer="true" optional="false" type="data" size="4146522"/>
  </job>
  <job id="3" namespace="Montage" name="mProjectPP" version="1.0" runtime="13.31">
    <uses file="region.hdr" link="input" register="true" transfer="true" optional="false" type="data" size="304"/>
    <uses file="2mass-atlas-ID00003s-jID00003.fits" link="input" register="true" transfer="true" optional="false" type="data" size="4222080"/>
    <uses file="p2mass-atlas-ID00003s-jID00003.fits" link="output" register="true" transfer="true" optional="false" type="data" size="4169621"/>
    <uses file="p2mass-atlas-ID00003s-jID00003_area.fits" link="output" register="true" transfer="true" optional="false" type="data" size="4169621"/>
  </job>
  <job id="4" namespace="Montage" name="mProjectPP" version="1.0" runtime="13.43">
    <uses file="region.hdr" link="input" register="true" transfer="true" optional="false" type="data" size="304"/>
    <uses file="2mass-atlas-ID00004s-jID00004.fits" link="input" register="true" transfer="true" optional="false" type="data" size="4222080"/>
    <uses file="p2mass-atlas-ID00004s-jID00004.fits" link="output" register="true" transfer="true" optional="false" type="data" size="4168548"/>
    <uses file="p2mass-atlas-ID00004s-jID00004_area.fits" link="output" register="true" transfer="true" optional="false" type="data" size="4168548"/>
  </job>
  <job id="5" namespace="Montage" name="mProjectPP" version="1.0" runtime="13.60">
    <uses file="region.hdr" link="input" register="true" transfer="true" optional="false" type="data" size="304"/>
    <uses file="2mass-atlas-ID00005s-jID00005.fits" link="input" register="true" transfer="true" optional="false" type="data" size="4222080"/>
    <uses file="p2mass-atlas-ID00005s-jID00005.fits" link="output" register="true" transfer="true" optional="false" type="data" size="4165516"/>
    <uses file="p2mass-atlas-ID00005s-jID00005_area.fits" link="output" register="true" transfer="true" optional="false" type="data" size="4165516"/>
  </job>
  <job id="6" namespace="Montage" name="mProjectPP" version="1.0" runtime="13.60">
    <uses file="region.hdr" link="input" register="true" transfer="true" optional="false" type="data" size="304"/>
    <uses file="2mass-atlas-ID00006s-jID00006.fits" link="input" register="true" transfer="true" optional="false" type="data" size="4222080"/>
    <uses file="p2mass-atlas-ID00006s-jID00006.fits" link="output" register="true" transfer="true" optional="false" type="data" size="4158282"/>
    <uses file="p2mass-atlas-ID00006s-jID00006_area.fits" link="output" register="true" transfer="true" optional="false" type="data" size="4158282"/>
  </job>
  <job id="7" namespace="Montage" name="mProjectPP" version="1.0" runtime="13.17">
    <uses file="region.hdr" link="input" register="true" transfer="true" optional="false" type="data" size="304"/>
    <uses file="2mass-atlas-ID00007s-jID00007.fits" link="input" register="true" transfer="true" optional="false" type="data" size="4222080"/>
    <uses file="p2mass-atlas-ID00007s-jID00007.fits" link="output" register="true" transfer="true" optional="false" type="data" size="4160080"/>
    <uses file="p2mass-atlas-ID00007s-jID00007_area.fits" link="output" register="true" transfer="true" optional="false" type="data" size="4160080"/>
  </job>
  <job id="8" namespace="Montage" name="mDiffFit" version="1.0" runtime="10.65">
    <uses file="region.hdr" link="input" register="true" transfer="true" optional="false" type="data" size="304"/>
    <uses file="p2mass-atlas-ID00000s-jID00000.fits" link="input" register="true" transfer="true" optional="false" type="data" size="4161238"/>
    <uses file="p2mass-atlas-ID00000s-jID00000_area.fits" link="input" register="true" transfer="true" optional="false" type="data" size="4161238"/>
    <uses file="fit.txt" link="output" register="true" transfer="true" optional="false" type="data" size="261"/>
    <uses file="diff.txt" link="output" register="true" transfer="true" optional="false" type="data" size="425541"/>
  </job>
  <job id="9" namespace="Montage" name="mDiffFit" version="1.0" runtime="10.68">
    <uses file="region.hdr" link="input" register="true" transfer="true" optional="false" type="data" size="304"/>
    <uses file="p2mass-atlas-ID00000s-jID00000.fits" link="input" register="true" transfer="true" optional="false" type="data" size="4143966"/>
    <uses file="p2mass-atlas-ID00000s-jID00000_area.fits" link="input" register="true" transfer="true" optional="false" type="data" size="4143966"/>
    <uses file="p2mass-atlas-ID00001s-jID00001.fits" link="input" register="true" transfer="true" optional="false" type="data" size="4154331"/>
    <uses file="p2mass-atlas-ID00001s-jID00001_area.fits" link="input" register="true" transfer="true" optional="false" type="data" size="4154331"/>
    <uses file="fit.txt" link="output" register="true" transfer="true" optional="false" type="data" size="286"/>
    <uses file="diff.txt" link="output" register="true" transfer="true" optional="false" type="data" size="330000"/>
  </job>
  <job id="10" namespace="Montage" name="mDiffFit" version="1.0" runtime="10.69">
    <uses file="region.hdr" link="input" register="true" transfer="true" optional="false" type="data" size="304"/>
    <uses file="p2mass-atlas-ID00000s-jID00000.fits" link="input" register="true" transfer="true" optional="false" type="data" size="4155521"/>
    <uses file="p2mass-atlas-ID00000s-jID00000_area.fits" link="input" register="true" transfer="true" optional="false" type="data" size="4155521"/>
    <uses file="p2mass-atlas-ID00002s-jID00002.fits" link="input" register="true" transfer="true" optional="false" type="data" size="4146522"/>
    <uses file="p2mass-atlas-ID00002s-jID00002_area.fits" link="input" register="true" transfer="true" optional="false" type="data" size="4146522"/>
    <uses file="fit.txt" link="output" register="true" transfer="true" optional="false" type="data" size="279"/>
    <uses file="diff.txt" link="output" register="true" transfer="true" optional="false" type="data" size="351987"/>
  </job>
  <job id="11" namespace="Montage" name="mDiffFit" version="1.0" runtime="10.78">
    <uses file="region.hdr" link="input" register="true" transfer="true" optional="false" type="data" size="304"/>
    <uses file="p2mass-atlas-ID00000s-jID00000.fits" link="input" register="true" transfer="true" optional="false" type="data" size="4185551"/>
    <uses file="p2mass-atlas-ID00000s-jID00000_area.fits" link="input" register="true" transfer="true" optional="false" type="data" size="4185551"/>
    <uses file="p2mass-atlas-ID00003s-jID00003.fits" link="input" register="true" transfer="true" optional="false" type="data" size="4169621"/>
    <uses file="p2mass-atlas-ID00003s-jID00003_area.fits" link="input" register="true" transfer="true" optional="false" type="data" size="4169621"/>
    <uses file="fit.txt" link="output" register="true" transfer="true" optional="false" type="data" size="266"/>
    <uses file="diff.txt" link="output" register="true" transfer="true" optional="false" type="data" size="378266"/>
  </job>
  <job id="12" namespace="Montage" name="mDiffFit" version="1.0" runtime="10.56">
    <uses file="region.hdr" link="input" register="true" transfer="true" optional="false" type="data" size="304"/>
    <uses file="p2mass-atlas-ID00000s-jID00000.fits" link="input" register="true" transfer="true" optional="false" type="data" size="4162779"/>
    <uses file="p2mass-atlas-ID00000s-jID00000_area.fits" link="input" register="true" transfer="true" optional="false" type="data" size="4162779"/>
    <uses file="p2mass-atlas-ID00005s-jID00005.fits" link="input" register="true" transfer="true" optional="false" type="data" size="4165516"/>
    <uses file="p2mass-atlas-ID00005s-jID00005_area.fits" link="input" register="true" transfer="true" optional="false" type="data" size="4165516"/>
    <uses file="fit.txt" link="output" register="true" transfer="true" optional="false" type="data" size="281"/>
    <uses file="diff.txt" link="output" register="true" transfer="true" optional="false" type="data" size="267120"/>
  </job>
  <job id="13" namespace="Montage" name="mDiffFit" version="1.0" runtime="10.59">
    <uses file="region.hdr" link="input" register="true" transfer="true" optional="false" type="data" size="304"/>
    <uses file="p2mass-atlas-ID00001s-jID00001.fits" link="input" register="true" transfer="true" optional="false" type="data" size="4169022"/>
    <uses file="p2mass-atlas-ID00001s-jID00001_area.fits" link="input" register="true" transfer="true" optional="false" type="data" size="4169022"/>
    <uses file="p2mass-atlas-ID00000s-jID00000.fits" link="input" register="true" transfer="true" optional="false" type="data" size="4162424"/>
    <uses file="p2mass-atlas-ID00000s-jID00000_area.fits" link="input" register="true" transfer="true" optional="false" type="data" size="4162424"/>
    <uses file="fit.txt" link="output" register="true" transfer="true" optional="false" type="data" size="259"/>
    <uses file="diff.txt" link="output" register="true" transfer="true" optional="false" type="data" size="190570"/>
  </job>
  <job id="14" namespace="Montage" name="mDiffFit" version="1.0" runtime="10.70">
    <uses file="region.hdr" link="input" register="true" transfer="true" optional="false" type="data" size="304"/>
    <uses file="p2mass-atlas-ID00001s-jID00001.fits" link="input" register="true" transfer="true" optional="false" type="data" size="4161972"/>
    <uses file="p2mass-atlas-ID00001s-jID00001_area.fits" link="input" register="true" transfer="true" optional="false" type="data" size="4161972"/>
    <uses file="fit.txt" link="output" register="true" transfer="true" optional="false" type="data" size="283"/>
    <uses file="diff.txt" link="output" register="true" transfer="true" optional="false" type="data" size="345692"/>
  </job>
  <job id="15" namespace="Montage" name="mDiffFit" version="1.0" runtime="10.54">
    <uses file="region.hdr" link="input" register="true" transfer="true" optional="false" type="data" size="304"/>
    <uses file="p2mass-atlas-ID00001s-jID00001.fits" link="input" register="true" transfer="true" optional="false" type="data" size="4169468"/>
    <uses file="p2mass-atlas-ID00001s-jID00001_area.fits" link="input" register="true" transfer="true" optional="false" type="data" size="4169468"/>
    <uses file="p2mass-atlas-ID00002s-jID00002.fits" link="input" register="true" transfer="true" optional="false" type="data" size="4143502"/>
    <uses file="p2mass-atlas-ID00002s-jID00002_area.fits" link="input" register="true" transfer="true" optional="false" type="data" size="4143502"/>
    <uses file="fit.txt" link="output" register="true" transfer="true" optional="false" type="data" size="261"/>
    <uses file="diff.txt" link="output" register="true" transfer="true" optional="false" type="data" size="157793"/>
  </job>
  <job id="16" namespace="Montage" name="mDiffFit" version="1.0" runtime="10.51">
    <uses file="region.hdr" link="input" register="true" transfer="true" optional="false" type="data" size="304"/>
    <uses file="p2mass-atlas-ID00001s-jID00001.fits" link="input" register="true" transfer="true" optional="false" type="data" size="4171205"/>
    <uses file="p2mass-atlas-ID00001s-jID00001_area.fits" link="input" register="true" transfer="true" optional="false" type="data" size="4171205"/>
    <uses file="p2mass-atlas-ID00004s-jID00004.fits" link="input" register="true" transfer="true" optional="false" type="data" size="4168548"/>
    <uses file="p2mass-atlas-ID00004s-jID00004_area.fits" link="input" register="true" transfer="true" optional="false" type="data" size="4168548"/>
    <uses file="fit.txt" link="output" register="true" transfer="true" optional="false" type="data" size="275"/>
    <uses file="diff.txt" link="output" register="true" transfer="true" optional="false" type="data" size="332486"/>
  </job>
  <job id="17" namespace="Montage" name="mDiffFit" version="1.0" runtime="10.71">
    <uses file="region.hdr" link="input" register="true" transfer="true" optional="false" type="data" size="304"/>
    <uses file="p2mass-atlas-ID00001s-jID00001.fits" link="input" register="true" transfer="true" optional="false" type="data" size="4157076"/>
    <uses file="p2mass-atlas-ID00001s-jID00001_area.fits" link="input" register="true" transfer="true" optional="false" type="data" size="4157076"/>
    <uses file="p2mass-atlas-ID00007s-jID00007.fits" link="input" register="true" transfer="true" optional="false" type="data" size="4160080"/>
    <uses file="p2mass-atlas-ID00007s-jID00007_area.fits" link="input" register="true" transfer="true" optional="false" type="data" size="4160080"/>
    <uses file="fit.txt" link="output" register="true" transfer="true" optional="false" type="data" size="272"/>
    <uses file="diff.txt" link="output" register="true" transfer="true" optional="false" type="data" size="405131"/>
  </job>
  <job id="18" namespace="Montage" name="mDiffFit" version="1.0" runtime="10.48">
    <uses file="region.hdr" link="input" register="true" transfer="true" optional="false" type="data" size="304"/>
    <uses file="p2mass-atlas-ID00002s-jID00002.fits" link="input" register="true" transfer="true" optional="false" type="data" size="4169406"/>
    <uses file="p2mass-atlas-ID00002s-jID00002_area.fits" link="input" register="true" transfer="true" optional="false" type="data" size="4169406"/>
    <uses file="fit.txt" link="output" register="true" transfer="true" optional="false" type="data" size="287"/>
    <uses file="diff.txt" link="output" register="true" transfer="true" optional="false" type="data" size="287937"/>
  </job>
  <job id="19" namespace="Montage" name="mDiffFit" version="1.0" runtime="10.31">
    <uses file="region.hdr" link="input" register="true" transfer="true" optional="false" type="data" size="304"/>
    <uses file="p2mass-atlas-ID00002s-jID00002.fits" link="input" register="true" transfer="true" optional="false" type="data" size="4156149"/>
    <uses file="p2mass-atlas-ID00002s-jID00002_area.fits" link="input" register="true" transfer="true" optional="false" type="data" size="4156149"/>
    <uses file="p2mass-atlas-ID00003s-jID00003.fits" link="input" register="true" transfer="true" optional="false" type="data" size="4159853"/>
    <uses file="p2mass-atlas-ID00003s-jID00003_area.fits" link="input" register="true" transfer="true" optional="false" type="data" size="4159853"/>
    <uses file="fit.txt" link="output" register="true" transfer="true" optional="false" type="data" size="256"/>
    <uses file="diff.txt" link="output" register="true" transfer="true" optional="false" type="data" size="366476"/>
  </job>
  <job id="20" namespace="Montage" name="mDiffFit" version="1.0" runtime="10.63">
    <uses file="region.hdr" link="input" register="true" transfer="true" optional="false" type="data" size="304"/>
    <uses file="p2mass-atlas-ID00003s-jID00003.fits" link="input" register="true" transfer="true" optional="false" type="data" size="4177908"/>
    <uses file="p2mass-atlas-ID00003s-jID00003_area.fits" link="input" register="true" transfer="true" optional="false" type="data" size="4177908"/>
    <uses file="p2mass-atlas-ID00001s-jID00001.fits" link="input" register="true" transfer="true" optional="false" type="data" size="4164219"/>
    <uses file="p2mass-atlas-ID00001s-jID00001_area.fits" link="input" register="true" transfer="true" optional="false" type="data" size="4164219"/>
    <uses file="fit.txt" link="output" register="true" transfer="true" optional="false" type="data" size="294"/>
    <uses file="diff.txt" link="output" register="true" transfer="true" optional="false" type="data" size="390046"/>
  </job>
  <job id="21" namespace="Montage" name="mDiffFit" version="1.0" runtime="10.36">
    <uses file="region.hdr" link="input" register="true" transfer="true" optional="false" type="data" size="304"/>
    <uses file="p2mass-atlas-ID00003s-jID00003.fits" link="input" register="true" transfer="true" optional="false" type="data" size="4158714"/>
    <uses file="p2mass-atlas-ID00003s-jID00003_area.fits" link="input" register="true" transfer="true" optional="false" type="data" size="4158714"/>
    <uses file="fit.txt" link="output" register="true" transfer="true" optional="false" type="data" size="276"/>
    <uses file="diff.txt" link="output" register="true" transfer="true" optional="false" type="data" size="302010"/>
  </job>
  <job id="22" namespace="Montage" name="mDiffFit" version="1.0" runtime="10.60">
    <uses file="region.hdr" link="input" register="true" transfer="true" optional="false" type="data" size="304"/>
    <uses file="p2mass-atlas-ID00003s-jID00003.fits" link="input" register="true" transfer="true" optional="false" type="data" size="4162873"/>
    <uses file="p2mass-atlas-ID00003s-jID00003_area.fits" link="input" register="true" transfer="true" optional="false" type="data" size="4162873"/>
    <uses file="p2mass-atlas-ID00004s-jID00004.fits" link="input" register="true" transfer="true" optional="false" type="data" size="4168212"/>
    <uses file="p2mass-atlas-ID00004s-jID00004_area.fits" link="input" register="true" transfer="true" optional="false" type="data" size="4168212"/>
    <uses file="fit.txt" link="output" register="true" transfer="true" optional="false" type="data" size="276"/>
    <uses file="diff.txt" link="output" register="true" transfer="true" optional="false" type="data" size="338777"/>
  </job>
  <job id="23" namespace="Montage" name="mDiffFit" version="1.0" runtime="10.56">
    <uses file="region.hdr" link="input" register="true" transfer="true" optional="false" type="data" size="304"/>
    <uses file="p2mass-atlas-ID00003s-jID00003.fits" link="input" register="true" transfer="true" optional="false" type="data" size="4149016"/>
    <uses file="p2mass-atlas-ID00003s-jID00003_area.fits" link="input" register="true" transfer="true" optional="false" type="data" size="4149016"/>
    <uses file="p2mass-atlas-ID00005s-jID00005.fits" link="input" register="true" transfer="true" optional="false" type="data" size="4157773"/>
    <uses file="p2mass-atlas-ID00005s-jID00005_area.fits" link="input" register="true" transfer="true" optional="false" type="data" size="4157773"/>
    <uses file="fit.txt" link="output" register="true" transfer="true" optional="false" type="data" size="270"/>
    <uses file="diff.txt" link="output" register="true" transfer="true" optional="false" type="data" size="386009"/>
  </job>
  <job id="24" namespace="Montage" name="mDiffFit" version="1.0" runtime="10.28">
    <uses file="region.hdr" link="input" register="true" transfer="true" optional="false" type="data" size="304"/>
    <uses file="p2mass-atlas-ID00004s-jID00004.fits" link="input" register="true" transfer="true" optional="false" type="data" size="4146371"/>
    <uses file="p2mass-atlas-ID00004s-jID00004_area.fits" link="input" register="true" transfer="true" optional="false" type="data" size="4146371"/>
    <uses file="p2mass-atlas-ID00000s-jID00000.fits" link="input" register="true" transfer="true" optional="false" type="data" size="4154489"/>
    <uses file="p2mass-atlas-ID00000s-jID00000_area.fits" link="input" register="true" transfer="true" optional="false" type="data" size="4154489"/>
    <uses file="fit.txt" link="output" register="true" transfer="true" optional="false" type="data" size="272"/>
    <uses file="diff.txt" link="output" register="true" transfer="true" optional="false" type="data" size="296484"/>
  </job>
  <job id="25" namespace="Montage" name="mDiffFit" version="1.0" runtime="10.51">
    <uses file="region.hdr" link="input" register="true" transfer="true" optional="false" type="data" size="304"/>
    <uses file="p2mass-atlas-ID00004s-jID00004.fits" link="input" register="true" transfer="true" optional="false" type="data" size="4149518"/>
    <uses file="p2mass-atlas-ID00004s-jID00004_area.fits" link="input" register="true" transfer="true" optional="false" type="data" size="4149518"/>
    <uses file="p2mass-atlas-ID00003s-jID00003.fits" link="input" register="true" transfer="true" optional="false" type="data" size="4147415"/>
    <uses file="p2mass-atlas-ID00003s-jID00003_area.fits" link="input" register="true" transfer="true" optional="false" type="data" size="4147415"/>
    <uses file="fit.txt" link="output" register="true" transfer="true" optional="false" type="data" size="271"/>
    <uses file="diff.txt" link="output" register="true" transfer="true" optional="false" type="data" size="218054"/>
  </job>
  <job id="26" namespace="Montage" name="mDiffFit" version="1.0" runtime="10.41">
    <uses file="region.hdr" link="input" register="true" transfer="true" optional="false" type="data" size="304"/>
    <uses file="p2mass-atlas-ID00004s-jID00004.fits" link="input" register="true" transfer="true" optional="false" type="data" size="4170054"/>
    <uses file="p2mass-atlas-ID00004s-jID00004_area.fits" link="input" register="true" transfer="true" optional="false" type="data" size="4170054"/>
    <uses file="fit.txt" link="output" register="true" transfer="true" optional="false" type="data" size="274"/>
    <uses file="diff.txt" link="output" register="true" transfer="true" optional="false" type="data" size="328551"/>
  </job>
  <job id="27" namespace="Montage" name="mDiffFit" version="1.0" runtime="10.54">
    <uses file="region.hdr" link="input" register="true" transfer="true" optional="false" type="data" size="304"/>
    <uses file="p2mass-atlas-ID00005s-jID00005.fits" link="input" register="true" transfer="true" optional="false" type="data" size="4159304"/>
    <uses file="p2mass-atlas-ID00005s-jID00005_area.fits" link="input" register="true" transfer="true" optional="false" type="data" size="4159304"/>
    <uses file="p2mass-atlas-ID00000s-jID00000.fits" link="input" register="true" transfer="true" optional="false" type="data" size="4152519"/>
    <uses file="p2mass-atlas-ID00000s-jID00000_area.fits" link="input" register="true" transfer="true" optional="false" type="data" size="4152519"/>
    <uses file="fit.txt" link="output" register="true" transfer="true" optional="false" type="data" size="280"/>
    <uses file="diff.txt" link="output" register="true" transfer="true" optional="false" type="data" size="386935"/>
  </job>
  <job id="28" namespace="Montage" name="mDiffFit" version="1.0" runtime="10.64">
    <uses file="region.hdr" link="input" register="true" transfer="true" optional="false" type="data" size="304"/>
    <uses file="p2mass-atlas-ID00005s-jID00005.fits" link="input" register="true" transfer="true" optional="false" type="data" size="4151363"/>
    <uses file="p2mass-atlas-ID00005s-jID00005_area.fits" link="input" register="true" transfer="true" optional="false" type="data" size="4151363"/>
    <uses file="p2mass-atlas-ID00001s-jID00001.fits" link="input" register="true" transfer="true" optional="false" type="data" size="4168356"/>
    <uses file="p2mass-atlas-ID00001s-jID00001_area.fits" link="input" register="true" transfer="true" optional="false" type="data" size="4168356"/>
    <uses file="fit.txt" link="output" register="true" transfer="true" optional="false" type="data" size="278"/>
    <uses file="diff.txt" link="output" register="true" transfer="true" optional="false" type="data" size="314756"/>
  </job>
  <job id="29" namespace="Montage" name="mDiffFit" version="1.0" runtime="10.62">
    <uses file="region.hdr" link="input" register="true" transfer="true" optional="false" type="data" size="304"/>
    <uses file="p2mass-atlas-ID00005s-jID00005.fits" link="input" register="true" transfer="true" optional="false" type="data" size="4163403"/>
    <uses file="p2mass-atlas-ID00005s-jID00005_area.fits" link="input" register="true" transfer="true" optional="false" type="data" size="4163403"/>
    <uses file="p2mass-atlas-ID00003s-jID00003.fits" link="input" register="true" transfer="true" optional="false" type="data" size="4190630"/>
    <uses file="p2mass-atlas-ID00003s-jID00003_area.fits" link="input" register="true" transfer="true" optional="false" type="data" size="4190630"/>
    <uses file="fit.txt" link="output" register="true" transfer="true" optional="false" type="data" size="259"/>
    <uses file="diff.txt" link="output" register="true" transfer="true" optional="false" type="data" size="277759"/>
  </job>
  <job id="30" namespace="Montage" name="mDiffFit" version="1.0" runtime="10.65">
    <uses file="region.hdr" link="input" register="true" transfer="true" optional="false" type="data" size="304"/>
    <uses file="p2mass-atlas-ID00005s-jID00005.fits" link="input" register="true" transfer="true" optional="false" type="data" size="4158342"/>
    <uses file="p2mass-atlas-ID00005s-jID00005_area.fits" link="input" register="true" transfer="true" optional="false" type="data" size="4158342"/>
    <uses file="p2mass-atlas-ID00006s-jID00006.fits" link="input" register="true" transfer="true" optional="false" type="data" size="4158282"/>
    <uses file="p2mass-atlas-ID00006s-jID00006_area.fits" link="input" register="true" transfer="true" optional="false" type="data" size="4158282"/>
    <uses file="fit.txt" link="output" register="true" transfer="true" optional="false" type="data" size="274"/>
    <uses file="diff.txt" link="output" register="true" transfer="true" optional="false" type="data" size="419684"/>
  </job>
  <job id="31" namespace="Montage" name="mDiffFit" version="1.0" runtime="10.68">
    <uses file="region.hdr" link="input" register="true" transfer="true" optional="false" type="data" size="304"/>
    <uses file="p2mass-atlas-ID00006s-jID00006.fits" link="input" register="true" transfer="true" optional="false" type="data" size="4158312"/>
    <uses file="p2mass-atlas-ID00006s-jID00006_area.fits" link="input" register="true" transfer="true" optional="false" type="data" size="4158312"/>
    <uses file="p2mass-atlas-ID00004s-jID00004.fits" link="input" register="true" transfer="true" optional="false" type="data" size="4154414"/>
    <uses file="p2mass-atlas-ID00004s-jID00004_area.fits" link="input" register="true" transfer="true" optional="false" type="data" size="4154414"/>
    <uses file="fit.txt" link="output" register="true" transfer="true" optional="false" type="data" size="257"/>
    <uses file="diff.txt" link="output" register="true" transfer="true" optional="false" type="data" size="342607"/>
  </job>
  <job id="32" namespace="Montage" name="mDiffFit" version="1.0" runtime="10.69">
    <uses file="region.hdr" link="input" register="true" transfer="true" optional="false" type="data" size="304"/>
    <uses file="p2mass-atlas-ID00007s-jID00007.fits" link="input" register="true" transfer="true" optional="false" type="data" size="4159410"/>
    <uses file="p2mass-atlas-ID00007s-jID00007_area.fits" link="input" register="true" transfer="true" optional="false" type="data" size="4159410"/>
    <uses file="p2mass-atlas-ID00002s-jID00002.fits" link="input" register="true" transfer="true" optional="false" type="data" size="4156921"/>
    <uses file="p2mass-atlas-ID00002s-jID00002_area.fits" link="input" register="true" transfer="true" optional="false" type="data" size="4156921"/>
    <uses file="fit.txt" link="output" register="true" transfer="true" optional="false" type="data" size="272"/>
    <uses file="diff.txt" link="output" register="true" transfer="true" optional="false" type="data" size="147754"/>
  </job>
  <job id="33" namespace="Montage" name="mDiffFit" version="1.0" runtime="10.60">
    <uses file="region.hdr" link="input" register="true" transfer="true" optional="false" type="data" size="304"/>
    <uses file="p2mass-atlas-ID00007s-jID00007.fits" link="input" register="true" transfer="true" optional="false" type="data" size="4158314"/>
    <uses file="p2mass-atlas-ID00007s-jID00007_area.fits" link="input" register="true" transfer="true" optional="false" type="data" size="4158314"/>
    <uses file="p2mass-atlas-ID00003s-jID00003.fits" link="input" register="true" transfer="true" optional="false" type="data" size="4162382"/>
    <uses file="p2mass-atlas-ID00003s-jID00003_area.fits" link="input" register="true" transfer="true" optional="false" type="data" size="4162382"/>
    <uses file="fit.txt" link="output" register="true" transfer="true" optional="false" type="data" size="269"/>
    <uses file="diff.txt" link="output" register="true" transfer="true" optional="false" type="data" size="298295"/>
  </job>
  <job id="34" namespace="Montage" name="mDiffFit" version="1.0" runtime="10.56">
    <uses file="region.hdr" link="input" register="true" transfer="true" optional="false" type="data" size="304"/>
    <uses file="p2mass-atlas-ID00007s-jID00007.fits" link="input" register="true" transfer="true" optional="false" type="data" size="4157868"/>
    <uses file="p2mass-atlas-ID00007s-jID00007_area.fits" link="input" register="true" transfer="true" optional="false" type="data" size="4157868"/>
    <uses file="p2mass-atlas-ID00005s-jID00005.fits" link="input" register="true" transfer="true" optional="false" type="data" size="4172887"/>
    <uses file="p2mass-atlas-ID00005s-jID00005_area.fits" link="input" register="true" transfer="true" optional="false" type="data" size="4172887"/>
    <uses file="fit.txt" link="output" register="true" transfer="true" optional="false" type="data" size="271"/>
    <uses file="diff.txt" link="output" register="true" transfer="true" optional="false" type="data" size="168183"/>
  </job>
  <job id="35" namespace="Montage" name="mDiffFit" version="1.0" runtime="10.56">
    <uses file="region.hdr" link="input" register="true" transfer="true" optional="false" type="data" size="304"/>
    <uses file="p2mass-atlas-ID00007s-jID00007.fits" link="input" register="true" transfer="true" optional="false" type="data" size="4131118"/>
    <uses file="p2mass-atlas-ID00007s-jID00007_area.fits" link="input" register="true" transfer="true" optional="false" type="data" size="4131118"/>
    <uses file="fit.txt" link="output" register="true" transfer="true" optional="false" type="data" size="273"/>
    <uses file="diff.txt" link="output" register="true" transfer="true" optional="false" type="data" size="172213"/>
  </job>
  <job id="36" namespace="Montage" name="mConcatFit" version="1.0" runtime="2.24">
    <uses file="fits_list.tbl" link="input" register="true" transfer="true" optional="false" type="data" size="763"/>
    <uses file="fit.txt" link="input" register="true" transfer="true" optional="false" type="data" size="261"/>
    <uses file="diff.txt" link="input" register="true" transfer="true" optional="false" type="data" size="425541"/>
    <uses file="fits.tbl" link="output" register="true" transfer="true" optional="false" type="data" size="5878"/>
  </job>
  <job id="37" namespace="Montage" name="mBgModel" version="1.0" runtime="4.20">
    <uses file="pimages.tbl" link="input" register="true" transfer="true" optional="false" type="data" size="1340"/>
    <uses file="fits.tbl" link="input" register="true" transfer="true" optional="false" type="data" size="5878"/>
    <uses file="corrections.tbl" link="output" register="true" transfer="true" optional="false" type="data" size="425"/>
  </job>
  <job id="38" namespace="Montage" name="mBackground" version="1.0" runtime="10.99">
    <uses file="corrections.tbl" link="input" register="true" transfer="true" optional="false" type="data" size="425"/>
    <uses file="p2mass-atlas-ID00000s-jID00000.fits" link="input" register="true" transfer="true" optional="false" type="data" size="4162470"/>
    <uses file="p2mass-atlas-ID00000s-jID00000_area.fits" link="input" register="true" transfer="true" optional="false" type="data" size="4162470"/>
    <uses file="c2mass-atlas-ID00000s-jID00000_area.fits" link="output" register="true" transfer="true" optional="false" type="data" size="4162470"/>
    <uses file="c2mass-atlas-ID00000s-jID00000.fits" link="output" register="true" transfer="true" optional="false" type="data" size="4162470"/>
  </job>
  <job id="39" namespace="Montage" name="mBackground" version="1.0" runtime="10.66">
    <uses file="corrections.tbl" link="input" register="true" transfer="true" optional="false" type="data" size="425"/>
    <uses file="p2mass-atlas-ID00001s-jID00001.fits" link="input" register="true" transfer="true" optional="false" type="data" size="4172520"/>
    <uses file="p2mass-atlas-ID00001s-jID00001_area.fits" link="input" register="true" transfer="true" optional="false" type="data" size="4172520"/>
    <uses file="c2mass-atlas-ID00001s-jID00001_area.fits" link="output" register="true" transfer="true" optional="false" type="data" size="4172520"/>
    <uses file="c2mass-atlas-ID00001s-jID00001.fits" link="output" register="true" transfer="true" optional="false" type="data" size="4172520"/>
  </job>
  <job id="40" namespace="Montage" name="mBackground" version="1.0" runtime="10.47">
    <uses file="corrections.tbl" link="input" register="true" transfer="true" optional="false" type="data" size="425"/>
    <uses file="p2mass-atlas-ID00002s-jID00002.fits" link="input" register="true" transfer="true" optional="false" type="data" size="4155227"/>
    <uses file="p2mass-atlas-ID00002s-jID00002_area.fits" link="input" register="true" transfer="true" optional="false" type="data" size="4155227"/>
    <uses file="c2mass-atlas-ID00002s-jID00002_area.fits" link="output" register="true" transfer="true" optional="false" type="data" size="4155227"/>
    <uses file="c2mass-atlas-ID00002s-jID00002.fits" link="output" register="true" transfer="true" optional="false" type="data" size="4155227"/>
  </job>
  <job id="41" namespace="Montage" name="mBackground" version="1.0" runtime="10.53">
    <uses file="corrections.tbl" link="input" register="true" transfer="true" optional="false" type="data" size="425"/>
    <uses file="p2mass-atlas-ID00003s-jID00003.fits" link="input" register="true" transfer="true" optional="false" type="data" size="4154656"/>
    <uses file="p2mass-atlas-ID00003s-jID00003_area.fits" link="input" register="true" transfer="true" optional="false" type="data" size="4154656"/>
    <uses file="c2mass-atlas-ID00003s-jID00003.fits" link="output" register="true" transfer="true" optional="false" type="data" size="4154656"/>
    <uses file="c2mass-atlas-ID00003s-jID00003_area.fits" link="output" register="true" transfer="true" optional="false" type="data" size="4154656"/>
  </job>
  <job id="42" namespace="Montage" name="mBackground" version="1.0" runtime="10.74">
    <uses file="corrections.tbl" link="input" register="true" transfer="true" optional="false" type="data" size="425"/>
    <uses file="p2mass-atlas-ID00004s-jID00004.fits" link="input" register="true" transfer="true" optional="false" type="data" size="4165471"/>
    <uses file="p2mass-atlas-ID00004s-jID00004_area.fits" link="input" register="true" transfer="true" optional="false" type="data" size="4165471"/>
    <uses file="c2mass-atlas-ID00004s-jID00004.fits" link="output" register="true" transfer="true" optional="false" type="data" size="4165471"/>
    <uses file="c2mass-atlas-ID00004s-jID00004_area.fits" link="output" register="true" transfer="true" optional="false" type="data" size="4165471"/>
  </job>
  <job id="43" namespace="Montage" name="mBackground" version="1.0" runtime="10.49">
    <uses file="corrections.tbl" link="input" register="true" transfer="true" optional="false" type="data" size="425"/>
    <uses file="p2mass-atlas-ID00005s-jID00005.fits" link="input" register="true" transfer="true" optional="false" type="data" size="4142911"/>
    <uses file="p2mass-atlas-ID00005s-jID00005_area.fits" link="input" register="true" transfer="true" optional="false" type="data" size="4142911"/>
    <uses file="c2mass-atlas-ID00005s-jID00005_area.fits" link="output" register="true" transfer="true" optional="false" type="data" size="4142911"/>
    <uses file="c2mass-atlas-ID00005s-jID00005.fits" link="output" register="true" transfer="true" optional="false" type="data" size="4142911"/>
  </job>
  <job id="44" namespace="Montage" name="mBackground" version="1.0" runtime="10.54">
    <uses file="corrections.tbl" link="input" register="true" transfer="true" optional="false" type="data" size="425"/>
    <uses file="p2mass-atlas-ID00006s-jID00006.fits" link="input" register="true" transfer="true" optional="false" type="data" size="4153325"/>
    <uses file="p2mass-atlas-ID00006s-jID00006_area.fits" link="input" register="true" transfer="true" optional="false" type="data" size="4153325"/>
    <uses file="c2mass-atlas-ID00006s-jID00006_area.fits" link="output" register="true" transfer="true" optional="false" type="data" size="4153325"/>
    <uses file="c2mass-atlas-ID00006s-jID00006.fits" link="output" register="true" transfer="true" optional="false" type="data" size="4153325"/>
  </job>
  <job id="45" namespace="Montage" name="mBackground" version="1.0" runtime="10.42">
    <uses file="corrections.tbl" link="input" register="true" transfer="true" optional="false" type="data" size="425"/>
    <uses file="p2mass-atlas-ID00007s-jID00007.fits" link="input" register="true" transfer="true" optional="false" type="data" size="4146119"/>
    <uses file="p2mass-atlas-ID00007s-jID00007_area.fits" link="input" register="true" transfer="true" optional="false" type="data" size="4146119"/>
    <uses file="c2mass-atlas-ID00007s-jID00007.fits" link="output" register="true" transfer="true" optional="false" type="data" size="4146119"/>
    <uses file="c2mass-atlas-ID00007s-jID00007_area.fits" link="output" register="true" transfer="true" optional="false" type="data" size="4146119"/>
  </job>
  <job id="46" namespace="Montage" name="mImgTbl" version="1.0" runtime="3.20">
    <uses file="cimages.tbl" link="input" register="true" transfer="true" optional="false" type="data" size="1340"/>
    <uses file="c2mass-atlas-ID00000s-jID00000_area.fits" link="input" register="true" transfer="true" optional="false" type="data" size="4162470"/>
    <uses file="c2mass-atlas-ID00000s-jID00000.fits" link="input" register="true" transfer="true" optional="false" type="data" size="4162470"/>
    <uses file="c2mass-atlas-ID00001s-jID00001_area.fits" link="input" register="true" transfer="true" optional="false" type="data" size="4172520"/>
    <uses file="c2mass-atlas-ID00001s-jID00001.fits" link="input" register="true" transfer="true" optional="false" type="data" size="4172520"/>
    <uses file="c2mass-atlas-ID00002s-jID00002_area.fits" link="input" register="true" transfer="true" optional="false" type="data" size="4155227"/>
    <uses file="c2mass-atlas-ID00002s-jID00002.fits" link="input" register="true" transfer="true" optional="false" type="data" size="4155227"/>
    <uses file="c2mass-atlas-ID00003s-jID00003.fits" link="input" register="true" transfer="true" optional="false" type="data" size="4154656"/>
    <uses file="c2mass-atlas-ID00003s-jID00003_area.fits" link="input" register="true" transfer="true" optional="false" type="data" size="4154656"/>
    <uses file="c2mass-atlas-ID00004s-jID00004.fits" link="input" register="true" transfer="true" optional="false" type="data" size="4165471"/>
    <uses file="c2mass-atlas-ID00004s-jID00004_area.fits" link="input" register="true" transfer="true" optional="false" type="data" size="4165471"/>
    <uses file="c2mass-atlas-ID00005s-jID00005_area.fits" link="input" register="true" transfer="true" optional="false" type="data" size="4142911"/>
    <uses file="c2mass-atlas-ID00005s-jID00005.fits" link="input" register="true" transfer="true" optional="false" type="data" size="4142911"/>
    <uses file="c2mass-atlas-ID00006s-jID00006_area.fits" link="input" register="true" transfer="true" optional="false" type="data" size="4153325"/>
    <uses file="c2mass-atlas-ID00006s-jID00006.fits" link="input" register="true" transfer="true" optional="false" type="data" size="4153325"/>
    <uses file="c2mass-atlas-ID00007s-jID00007.fits" link="input" register="true" transfer="true" optional="false" type="data" size="4146119"/>
    <uses file="c2mass-atlas-ID00007s-jID00007_area.fits" link="input" register="true" transfer="true" optional="false" type="data" size="4146119"/>
    <uses file="newcimages.tbl" link="output" register="true" transfer="true" optional="false" type="data" size="3558"/>
  </job>
  <job id="47" namespace="Montage" name="mAdd" version="1.0" runtime="4.75">
    <uses file="region.hdr" link="input" register="true" transfer="true" optional="false" type="data" size="304"/>
    <uses file="newcimages.tbl" link="input" register="true" transfer="true" optional="false" type="data" size="3558"/>
    <uses file="mosaic_ID00047_ID00047.fits" link="output" register="true" transfer="true" optional="false" type="data" size="69693297"/>
    <uses file="mosaic_ID00047_ID00047_area.fits" link="output" register="true" transfer="true" optional="false" type="data" size="69693297"/>
  </job>
  <job id="48" namespace="Montage" name="mShrink" version="1.0" runtime="4.88">
    <uses file="mosaic_ID00047_ID00047.fits" link="input" register="true" transfer="true" optional="false" type="data" size="69693297"/>
    <uses file="mosaic_ID00047_ID00047_area.fits" link="input" register="true" transfer="true" optional="false" type="data" size="69693297"/>
    <uses file="shrunken_ID00048_ID00048.fits" link="output" register="true" transfer="true" optional="false" type="data" size="2788847"/>
  </job>
  <job id="49" namespace="Montage" name="mJPEG" version="1.0" runtime="1.22">
    <uses file="shrunken_ID00048_ID00048.fits" link="input" register="true" transfer="true" optional="false" type="data" size="2788847"/>
    <uses file="shrunken_ID00048_ID00048.jpg" link="output" register="true" transfer="true" optional="false" type="data" size="720562"/>
  </job>
<!-- part 3: list of control-flow dependencies (may be empty) -->
  <child ref="8">
    <parent ref="0"/>
  </child>
  <child ref="9">
    <parent ref="1"/>
    <parent ref="0"/>
  </child>
  <child ref="10">
    <parent ref="2"/>
    <parent ref="0"/>
  </child>
  <child ref="11">
    <parent ref="0"/>
    <parent ref="3"/>
  </child>
  <child ref="12">
    <parent ref="0"/>
    <parent ref="5"/>
  </child>
  <child ref="13">
    <parent ref="1"/>
    <parent ref="0"/>
  </child>
  <child ref="14">
    <parent ref="1"/>
  </child>
  <child ref="15">
    <parent ref="2"/>
    <parent ref="1"/>
  </child>
  <child ref="16">
    <parent ref="1"/>
    <parent ref="4"/>
  </child>
  <child ref="17">
    <parent ref="1"/>
    <parent ref="7"/>
  </child>
  <child ref="18">
    <parent ref="2"/>
  </child>
  <child ref="19">
    <parent ref="2"/>
    <parent ref="3"/>
  </child>
  <child ref="20">
    <parent ref="1"/>
    <parent ref="3"/>
  </child>
  <child ref="21">
    <parent ref="3"/>
  </child>
  <child ref="22">
    <parent ref="4"/>
    <parent ref="3"/>
  </child>
  <child ref="23">
    <parent ref="5"/>
    <parent ref="3"/>
  </child>
  <child ref="24">
    <parent ref="0"/>
    <parent ref="4"/>
  </child>
  <child ref="25">
    <parent ref="4"/>
    <parent ref="3"/>
  </child>
  <child ref="26">
    <parent ref="4"/>
  </child>
  <child ref="27">
    <parent ref="0"/>
    <parent ref="5"/>
  </child>
  <child ref="28">
    <parent ref="1"/>
    <parent ref="5"/>
  </child>
  <child ref="29">
    <parent ref="5"/>
    <parent ref="3"/>
  </child>
  <child ref="30">
    <parent ref="6"/>
    <parent ref="5"/>
  </child>
  <child ref="31">
    <parent ref="6"/>
    <parent ref="4"/>
  </child>
  <child ref="32">
    <parent ref="2"/>
    <parent ref="7"/>
  </child>
  <child ref="33">
    <parent ref="3"/>
    <parent ref="7"/>
  </child>
  <child ref="34">
    <parent ref="5"/>
    <parent ref="7"/>
  </child>
  <child ref="35">
    <parent ref="7"/>
  </child>
  <child ref="36">
    <parent ref="9"/>
    <parent ref="8"/>
    <parent ref="34"/>
    <parent ref="35"/>
    <parent ref="32"/>
    <parent ref="33"/>
    <parent ref="12"/>
    <parent ref="30"/>
    <parent ref="13"/>
    <parent ref="31"/>
    <parent ref="10"/>
    <parent ref="11"/>
    <parent ref="16"/>
    <parent ref="17"/>
    <parent ref="14"/>
    <parent ref="15"/>
    <parent ref="18"/>
    <parent ref="19"/>
    <parent ref="20"/>
    <parent ref="21"/>
    <parent ref="22"/>
    <parent ref="23"/>
    <parent ref="24"/>
    <parent ref="25"/>
    <parent ref="26"/>
    <parent ref="27"/>
    <parent ref="28"/>
    <parent ref="29"/>
  </child>
  <child ref="37">
    <parent ref="36"/>
  </child>
  <child ref="38">
    <parent ref="0"/>
    <parent ref="37"/>
  </child>
  <child ref="39">
    <parent ref="1"/>
    <parent ref="37"/>
  </child>
  <child ref="40">
    <parent ref="2"/>
    <parent ref="37"/>
  </child>
  <child ref="41">
    <parent ref="3"/>
    <parent ref="37"/>
  </child>
  <child ref="42">
    <parent ref="4"/>
    <parent ref="37"/>
  </child>
  <child ref="43">
    <parent ref="5"/>
    <parent ref="37"/>
  </child>
  <child ref="44">
    <parent ref="6"/>
    <parent ref="37"/>
  </child>
  <child ref="45">
    <parent ref="7"/>
    <parent ref="37"/>
  </child>
  <child ref="46">
    <parent ref="43"/>
    <parent ref="44"/>
    <parent ref="45"/>
    <parent ref="40"/>
    <parent ref="41"/>
    <parent ref="42"/>
    <parent ref="38"/>
    <parent ref="39"/>
  </child>
  <child ref="47">
    <parent ref="46"/>
  </child>
  <child ref="48">
    <parent ref="47"/>
  </child>
  <child ref="49">
    <parent ref="48"/>
  </child>
</adag>
