[
  {
    "size":1000,
    "name":"10.31.40.1",
    "host":"host1",
    "start":"0.0",
    "end":"1.0",
    "datacenter":"A",
    "mips":500,
    "type":"vm",
    "pes":1,
    "ram":512
  },
  {
    "size":1000,
    "name":"10.31.40.2",
    "host":"host2",
    "start":"0.0",
    "end":"1.0",
    "datacenter":"A",
    "mips":500,
    "type":"vm",
    "pes":1,
    "ram":512
  },
  {
    "size":1000,
    "name":"10.31.40.3",
    "host":"host3",
    "start":"0.0",
    "end":"1.0",
    "datacenter":"B",
    "mips":500,
    "type":"vm",
    "pes":1,
    "ram":512
  },
  {
    "size":1000,
    "name":"10.31.40.4",
    "host":"host4",
    "start":"0.0",
    "end":"1.0",
    "datacenter":"B",
    "mips":500,
    "type":"vm",
    "pes":1,
    "ram":512
  },
  {
    "size":1000,
    "name":"10.31.40.5",
    "host":"host5",
    "start":"0.0",
    "end":"1.0",
    "datacenter":"C",
    "mips":500,
    "type":"vm",
    "pes":1,
    "ram":512
  },
  {
    "size":1000,
    "name":"10.31.40.6",
    "host":"host6",
    "start":"0.0",
    "end":"1.0",
    "datacenter":"C",
    "mips":500,
    "type":"vm",
    "pes":1,
    "ram":512
  },
  {
    "size":1000,
    "name":"10.31.40.7",
    "host":"host7",
    "start":"0.0",
    "end":"1.0",
    "datacenter":"D",
    "mips":500,
    "type":"vm",
    "pes":1,
    "ram":512
  },
  {
    "size":1000,
    "name":"10.31.40.8",
    "host":"host8",
    "start":"0.0",
    "end":"1.0",
    "datacenter":"D",
    "mips":500,
    "type":"vm",
    "pes":1,
    "ram":512
  }
]
