<?xml version="1.0" encoding="UTF-8"?>
<Links Timespan="0.01">
	<Link Name="LINK03" Starttime="0.12" Src="Switch: edge1" Dst="host3" KBytes="80000" Util="80.0" />
	<Link Name="LINK01" Starttime="0.12" Src="host1" Dst="Switch: edge1" KBytes="40000" Util="40.0" />
	<Link Name="LINK02" Starttime="0.12" Src="host2" Dst="Switch: edge1" KBytes="40000" Util="40.0" />
	<Link Name="LINK03" Starttime="0.13" Src="Switch: edge1" Dst="host3" KBytes="100000" Util="100.0" />
	<Link Name="LINK01" Starttime="0.13" Src="host1" Dst="Switch: edge1" KBytes="50000" Util="50.0" />
	<Link Name="LINK02" Starttime="0.13" Src="host2" Dst="Switch: edge1" KBytes="50000" Util="50.0" />
	<Link Name="LINK03" Starttime="0.14" Src="Switch: edge1" Dst="host3" KBytes="140000" Util="140.0" />
	<Link Name="LINK01" Starttime="0.14" Src="host1" Dst="Switch: edge1" KBytes="70000" Util="70.0" />
	<Link Name="LINK02" Starttime="0.14" Src="host2" Dst="Switch: edge1" KBytes="70000" Util="70.0" />
	<Link Name="LINK03" Starttime="0.15" Src="Switch: edge1" Dst="host3" KBytes="60000" Util="60.0" />
	<Link Name="LINK01" Starttime="0.15" Src="host1" Dst="Switch: edge1" KBytes="30000" Util="30.0" />
	<Link Name="LINK02" Starttime="0.15" Src="host2" Dst="Switch: edge1" KBytes="30000" Util="30.0" />
	<Link Name="LINK03" Starttime="0.16" Src="Switch: edge1" Dst="host3" KBytes="100000" Util="100.0" />
	<Link Name="LINK01" Starttime="0.16" Src="host1" Dst="Switch: edge1" KBytes="50000" Util="50.0" />
	<Link Name="LINK02" Starttime="0.16" Src="host2" Dst="Switch: edge1" KBytes="50000" Util="50.0" />
	<Link Name="LINK03" Starttime="0.17" Src="Switch: edge1" Dst="host3" KBytes="160000" Util="160.0" />
	<Link Name="LINK01" Starttime="0.17" Src="host1" Dst="Switch: edge1" KBytes="80000" Util="80.0" />
	<Link Name="LINK02" Starttime="0.17" Src="host2" Dst="Switch: edge1" KBytes="80000" Util="80.0" />
	<Link Name="LINK03" Starttime="0.84" Src="host3" Dst="Switch: edge1" KBytes="80000" Util="80.0" />
	<Link Name="LINK01" Starttime="0.84" Src="Switch: edge1" Dst="host1" KBytes="80000" Util="80.0" />
	<Link Name="LINK03" Starttime="0.85" Src="host3" Dst="Switch: edge1" KBytes="100000" Util="100.0" />
	<Link Name="LINK01" Starttime="0.85" Src="Switch: edge1" Dst="host1" KBytes="100000" Util="100.0" />
	<Link Name="LINK03" Starttime="0.86" Src="host3" Dst="Switch: edge1" KBytes="140000" Util="140.0" />
	<Link Name="LINK01" Starttime="0.86" Src="Switch: edge1" Dst="host1" KBytes="140000" Util="140.0" />
</Links>
