<?xml version="1.0" encoding="UTF-8"?>
<adag xmlns:xsi="http://www.w3.org/2001/XMLSchema">
    <node name="host1" memory="2096000" storage="1363148800" cores="2" mips="30000" bandwidth="450" network="A"/>
    <node name="host2" memory="2096000" storage="1363148800" cores="2" mips="20000" bandwidth="250" network="A"/>
    <node name="host3" memory="2096000" storage="1363148800" cores="2" mips="25000" bandwidth="350" network="B"/>
    <node name="host4" memory="2096000" storage="1363148800" cores="2" mips="25000" bandwidth="350" network="B"/>
    <node name="host5" memory="2096000" storage="1363148800" cores="2" mips="25000" bandwidth="350" network="C"/>
    <node name="host6" memory="2096000" storage="1363148800" cores="2" mips="30000" bandwidth="450" network="C"/>
    <node name="host7" memory="2096000" storage="1363148800" cores="2" mips="20000" bandwidth="250" network="D"/>
    <node name="host8" memory="2096000" storage="1363148800" cores="2" mips="25000" bandwidth="350" network="D"/>
</adag>
