<?xml version="1.0" encoding="UTF-8"?>
<Links Timespan="0.01">
	<Link Name="LINK2" Starttime="0.83" Src="edge1" Dst="host2" KBytes="56000" Util="56.00000000000001" />
	<Link Name="LINK3" Starttime="0.83" Src="host3" Dst="edge1" KBytes="56000" Util="56.00000000000001" />
	<Link Name="LINK2" Starttime="0.84" Src="edge1" Dst="host2" KBytes="70000" Util="70.0" />
	<Link Name="LINK3" Starttime="0.84" Src="host3" Dst="edge1" KBytes="70000" Util="70.0" />
	<Link Name="LINK2" Starttime="0.85" Src="edge1" Dst="host2" KBytes="70000" Util="70.0" />
	<Link Name="LINK3" Starttime="0.85" Src="host3" Dst="edge1" KBytes="70000" Util="70.0" />
	<Link Name="LINK2" Starttime="0.86" Src="edge1" Dst="host2" KBytes="70000" Util="70.0" />
	<Link Name="LINK3" Starttime="0.86" Src="host3" Dst="edge1" KBytes="70000" Util="70.0" />
	<Link Name="LINK2" Starttime="0.87" Src="edge1" Dst="host2" KBytes="54000" Util="54.0" />
	<Link Name="LINK3" Starttime="0.87" Src="host3" Dst="edge1" KBytes="54000" Util="54.0" />
</Links>
